timestamp,actual_generation_kw,qlstm_forecast_kw,classical_forecast_kw,persistence_kw,actual_energy_kwh,qlstm_energy_kwh,evs_hourly_actual,evs_hourly_qlstm
2024-06-03 19:00:00,2.86,2.63,0.0,3.79,2.86,2.63,0.048,0.044
2024-06-03 20:00:00,2.06,6.7,2.06,2.86,2.06,6.7,0.034,0.112
2024-06-03 21:00:00,0.3,5.26,1.45,2.06,0.3,5.26,0.005,0.088
2024-06-03 22:00:00,2.8,4.23,1.29,0.3,2.8,4.23,0.047,0.07
2024-06-03 23:00:00,1.6,1.78,1.51,2.8,1.6,1.78,0.027,0.03
2024-06-04 00:00:00,0.28,9.28,10.52,1.6,0.28,9.28,0.005,0.155
2024-06-04 01:00:00,51.77,46.22,47.11,0.28,51.77,46.22,0.863,0.77
2024-06-04 02:00:00,19.24,11.85,13.91,51.77,19.24,11.85,0.321,0.197
2024-06-04 03:00:00,53.93,69.59,72.06,19.24,53.93,69.59,0.899,1.16
2024-06-04 04:00:00,0.0,3.35,4.52,53.93,0.0,3.35,0.0,0.056
2024-06-04 05:00:00,0.0,8.73,7.17,0.0,0.0,8.73,0.0,0.145
2024-06-04 06:00:00,31.74,34.59,37.63,0.0,31.74,34.59,0.529,0.577
2024-06-04 07:00:00,58.22,69.02,70.1,31.74,58.22,69.02,0.97,1.15
2024-06-04 08:00:00,111.05,109.82,114.16,58.22,111.05,109.82,1.851,1.83
2024-06-04 09:00:00,114.76,104.16,107.87,111.05,114.76,104.16,1.913,1.736
2024-06-04 10:00:00,164.26,159.45,167.38,114.76,164.26,159.45,2.738,2.657
2024-06-04 11:00:00,69.14,73.35,77.12,164.26,69.14,73.35,1.152,1.222
2024-06-04 12:00:00,97.9,97.02,98.19,69.14,97.9,97.02,1.632,1.617
2024-06-04 13:00:00,92.38,91.33,92.67,97.9,92.38,91.33,1.54,1.522
2024-06-04 14:00:00,49.72,57.87,60.07,92.38,49.72,57.87,0.829,0.964
2024-06-04 15:00:00,36.7,37.06,37.63,49.72,36.7,37.06,0.612,0.618
2024-06-04 16:00:00,13.95,14.64,10.66,36.7,13.95,14.64,0.232,0.244
2024-06-04 17:00:00,0.0,6.58,1.23,13.95,0.0,6.58,0.0,0.11
2024-06-04 18:00:00,0.0,3.74,0.0,0.0,0.0,3.74,0.0,0.062
2024-06-04 19:00:00,0.52,3.59,0.0,0.0,0.52,3.59,0.009,0.06
2024-06-04 20:00:00,0.0,1.84,0.0,0.52,0.0,1.84,0.0,0.031
2024-06-04 21:00:00,4.62,2.82,0.05,0.0,4.62,2.82,0.077,0.047
2024-06-04 22:00:00,0.0,4.52,1.36,4.62,0.0,4.52,0.0,0.075
2024-06-04 23:00:00,1.24,2.86,1.25,0.0,1.24,2.86,0.021,0.048
2024-06-05 00:00:00,0.0,1.69,0.9,1.24,0.0,1.69,0.0,0.028
2024-06-05 01:00:00,0.0,0.82,2.64,0.0,0.0,0.82,0.0,0.014
2024-06-05 02:00:00,0.0,0.6,0.93,0.0,0.0,0.6,0.0,0.01
2024-06-05 03:00:00,2.8,6.33,8.82,0.0,2.8,6.33,0.047,0.106
2024-06-05 04:00:00,15.67,15.54,14.48,2.8,15.67,15.54,0.261,0.259
2024-06-05 05:00:00,13.73,17.89,18.76,15.67,13.73,17.89,0.229,0.298
2024-06-05 06:00:00,47.44,40.34,43.6,13.73,47.44,40.34,0.791,0.672
2024-06-05 07:00:00,60.77,63.37,64.07,47.44,60.77,63.37,1.013,1.056
2024-06-05 08:00:00,63.28,77.39,81.38,60.77,63.28,77.39,1.055,1.29
2024-06-05 09:00:00,123.68,114.17,116.27,63.28,123.68,114.17,2.061,1.903
2024-06-05 10:00:00,119.89,111.56,112.98,123.68,119.89,111.56,1.998,1.859
2024-06-05 11:00:00,114.95,109.91,111.19,119.89,114.95,109.91,1.916,1.832
2024-06-05 12:00:00,132.45,134.43,132.27,114.95,132.45,134.43,2.208,2.241
2024-06-05 13:00:00,115.01,123.96,122.58,132.45,115.01,123.96,1.917,2.066
2024-06-05 14:00:00,65.2,70.56,73.66,115.01,65.2,70.56,1.087,1.176
2024-06-05 15:00:00,44.71,46.34,44.83,65.2,44.71,46.34,0.745,0.772
2024-06-05 16:00:00,20.83,21.52,17.25,44.71,20.83,21.52,0.347,0.359
2024-06-05 17:00:00,0.79,6.87,1.63,20.83,0.79,6.87,0.013,0.115
2024-06-05 18:00:00,2.42,3.62,0.0,0.79,2.42,3.62,0.04,0.06
2024-06-05 19:00:00,0.0,4.51,0.0,2.42,0.0,4.51,0.0,0.075
2024-06-05 20:00:00,0.0,2.15,0.0,0.0,0.0,2.15,0.0,0.036
2024-06-05 21:00:00,0.07,6.91,6.65,0.0,0.07,6.91,0.001,0.115
2024-06-05 22:00:00,4.1,2.79,2.07,0.07,4.1,2.79,0.068,0.046
2024-06-05 23:00:00,0.0,3.4,2.1,4.1,0.0,3.4,0.0,0.057
2024-06-06 00:00:00,70.32,52.36,51.57,0.0,70.32,52.36,1.172,0.873
2024-06-06 01:00:00,3.61,5.63,9.33,70.32,3.61,5.63,0.06,0.094
2024-06-06 02:00:00,1.18,3.76,3.73,3.61,1.18,3.76,0.02,0.063
2024-06-06 03:00:00,28.2,27.94,30.22,1.18,28.2,27.94,0.47,0.466
2024-06-06 04:00:00,15.33,14.72,16.89,28.2,15.33,14.72,0.255,0.245
2024-06-06 05:00:00,19.9,18.91,20.6,15.33,19.9,18.91,0.332,0.315
2024-06-06 06:00:00,22.03,15.85,15.32,19.9,22.03,15.85,0.367,0.264
2024-06-06 07:00:00,59.21,62.41,62.35,22.03,59.21,62.41,0.987,1.04
2024-06-06 08:00:00,105.67,97.16,102.9,59.21,105.67,97.16,1.761,1.619
2024-06-06 09:00:00,111.14,105.78,107.37,105.67,111.14,105.78,1.852,1.763
2024-06-06 10:00:00,140.49,129.34,131.4,111.14,140.49,129.34,2.342,2.156
2024-06-06 11:00:00,125.36,127.71,128.94,140.49,125.36,127.71,2.089,2.128
2024-06-06 12:00:00,104.89,109.75,113.19,125.36,104.89,109.75,1.748,1.829
2024-06-06 13:00:00,106.96,107.05,106.63,104.89,106.96,107.05,1.783,1.784
2024-06-06 14:00:00,70.46,65.31,68.64,106.96,70.46,65.31,1.174,1.088
2024-06-06 15:00:00,44.21,40.5,39.15,70.46,44.21,40.5,0.737,0.675
2024-06-06 16:00:00,17.48,17.71,16.92,44.21,17.48,17.71,0.291,0.295
2024-06-06 17:00:00,2.87,4.19,0.68,17.48,2.87,4.19,0.048,0.07
2024-06-06 18:00:00,0.0,4.55,0.0,2.87,0.0,4.55,0.0,0.076
2024-06-06 19:00:00,0.0,1.74,0.0,0.0,0.0,1.74,0.0,0.029
2024-06-06 20:00:00,0.0,2.23,0.0,0.0,0.0,2.23,0.0,0.037
2024-06-06 21:00:00,0.0,5.69,1.36,0.0,0.0,5.69,0.0,0.095
2024-06-06 22:00:00,2.21,3.05,1.74,0.0,2.21,3.05,0.037,0.051
2024-06-06 23:00:00,1.12,2.23,0.65,2.21,1.12,2.23,0.019,0.037
2024-06-07 00:00:00,0.0,1.24,3.92,1.12,0.0,1.24,0.0,0.021
2024-06-07 01:00:00,0.5,3.76,4.74,0.0,0.5,3.76,0.008,0.063
2024-06-07 02:00:00,15.15,17.21,18.94,0.5,15.15,17.21,0.253,0.287
2024-06-07 03:00:00,23.05,17.57,21.03,15.15,23.05,17.57,0.384,0.293
2024-06-07 04:00:00,10.33,7.23,8.56,23.05,10.33,7.23,0.172,0.121
2024-06-07 05:00:00,0.0,8.68,8.75,10.33,0.0,8.68,0.0,0.145
2024-06-07 06:00:00,82.49,97.23,104.68,0.0,82.49,97.23,1.375,1.62
2024-06-07 07:00:00,56.74,51.0,55.11,82.49,56.74,51.0,0.946,0.85
2024-06-07 08:00:00,76.09,73.88,72.56,56.74,76.09,73.88,1.268,1.231
2024-06-07 09:00:00,106.64,96.04,100.22,76.09,106.64,96.04,1.777,1.601
2024-06-07 10:00:00,135.86,129.69,126.38,106.64,135.86,129.69,2.264,2.162
2024-06-07 11:00:00,124.07,127.61,128.84,135.86,124.07,127.61,2.068,2.127
2024-06-07 12:00:00,96.37,98.57,101.14,124.07,96.37,98.57,1.606,1.643
2024-06-07 13:00:00,90.17,96.0,97.24,96.37,90.17,96.0,1.503,1.6
2024-06-07 14:00:00,95.12,92.28,93.64,90.17,95.12,92.28,1.585,1.538
2024-06-07 15:00:00,55.49,46.5,47.3,95.12,55.49,46.5,0.925,0.775
2024-06-07 16:00:00,25.21,26.67,23.53,55.49,25.21,26.67,0.42,0.444
2024-06-07 17:00:00,4.11,13.74,15.16,25.21,4.11,13.74,0.068,0.229
2024-06-07 18:00:00,5.15,5.96,4.55,4.11,5.15,5.96,0.086,0.099
2024-06-07 19:00:00,0.0,2.58,0.0,5.15,0.0,2.58,0.0,0.043
2024-06-07 20:00:00,0.0,4.43,0.13,0.0,0.0,4.43,0.0,0.074
2024-06-07 21:00:00,1.29,4.35,0.85,0.0,1.29,4.35,0.021,0.072
2024-06-07 22:00:00,6.46,5.19,5.1,1.29,6.46,5.19,0.108,0.086
2024-06-07 23:00:00,1.42,2.79,1.09,6.46,1.42,2.79,0.024,0.046
2024-06-08 00:00:00,0.0,1.83,0.94,1.42,0.0,1.83,0.0,0.03
2024-06-08 01:00:00,0.02,2.62,3.22,0.0,0.02,2.62,0.0,0.044
2024-06-08 02:00:00,0.0,1.66,2.32,0.02,0.0,1.66,0.0,0.028
2024-06-08 03:00:00,4.01,1.28,0.9,0.0,4.01,1.28,0.067,0.021
2024-06-08 04:00:00,2.96,9.84,10.37,4.01,2.96,9.84,0.049,0.164
2024-06-08 05:00:00,0.0,8.27,7.07,2.96,0.0,8.27,0.0,0.138
2024-06-08 06:00:00,19.32,22.33,23.49,0.0,19.32,22.33,0.322,0.372
2024-06-08 07:00:00,47.94,47.17,46.27,19.32,47.94,47.17,0.799,0.786
2024-06-08 08:00:00,81.39,76.63,76.2,47.94,81.39,76.63,1.356,1.277
2024-06-08 09:00:00,107.7,114.42,116.77,81.39,107.7,114.42,1.795,1.907
2024-06-08 10:00:00,145.94,135.99,138.8,107.7,145.94,135.99,2.432,2.266
2024-06-08 11:00:00,132.72,135.84,135.72,145.94,132.72,135.84,2.212,2.264
2024-06-08 12:00:00,136.41,142.84,140.42,132.72,136.41,142.84,2.274,2.381
2024-06-08 13:00:00,119.81,118.91,117.7,136.41,119.81,118.91,1.997,1.982
2024-06-08 14:00:00,77.63,77.97,79.94,119.81,77.63,77.97,1.294,1.3
2024-06-08 15:00:00,14.98,27.19,25.23,77.63,14.98,27.19,0.25,0.453
2024-06-08 16:00:00,24.72,24.94,21.42,14.98,24.72,24.94,0.412,0.416
2024-06-08 17:00:00,0.0,4.03,2.51,24.72,0.0,4.03,0.0,0.067
2024-06-08 18:00:00,0.0,2.68,0.0,0.0,0.0,2.68,0.0,0.045
2024-06-08 19:00:00,3.1,3.11,0.0,0.0,3.1,3.11,0.052,0.052
2024-06-08 20:00:00,0.49,5.9,0.93,3.1,0.49,5.9,0.008,0.098
2024-06-08 21:00:00,0.0,3.74,2.45,0.49,0.0,3.74,0.0,0.062
2024-06-08 22:00:00,0.0,2.29,1.27,0.0,0.0,2.29,0.0,0.038
2024-06-08 23:00:00,0.0,3.41,3.39,0.0,0.0,3.41,0.0,0.057
2024-06-09 00:00:00,2.28,2.4,2.54,0.0,2.28,2.4,0.038,0.04
2024-06-09 01:00:00,7.29,10.97,12.75,2.28,7.29,10.97,0.121,0.183
2024-06-09 02:00:00,35.18,43.19,45.2,7.29,35.18,43.19,0.586,0.72
2024-06-09 03:00:00,49.28,50.43,58.13,35.18,49.28,50.43,0.821,0.841
2024-06-09 04:00:00,5.79,12.67,14.65,49.28,5.79,12.67,0.096,0.211
2024-06-09 05:00:00,7.56,14.05,14.27,5.79,7.56,14.05,0.126,0.234
2024-06-09 06:00:00,23.04,27.53,25.97,7.56,23.04,27.53,0.384,0.459
2024-06-09 07:00:00,112.74,103.88,111.69,23.04,112.74,103.88,1.879,1.731
2024-06-09 08:00:00,48.4,58.18,61.95,112.74,48.4,58.18,0.807,0.97
2024-06-09 09:00:00,94.91,95.28,93.47,48.4,94.91,95.28,1.582,1.588
2024-06-09 10:00:00,89.09,91.15,93.22,94.91,89.09,91.15,1.485,1.519
2024-06-09 11:00:00,82.79,94.88,94.35,89.09,82.79,94.88,1.38,1.581
2024-06-09 12:00:00,136.98,142.03,137.94,82.79,136.98,142.03,2.283,2.367
2024-06-09 13:00:00,113.44,102.15,104.76,136.98,113.44,102.15,1.891,1.703
2024-06-09 14:00:00,83.54,81.46,82.96,113.44,83.54,81.46,1.392,1.358
2024-06-09 15:00:00,60.0,53.1,50.26,83.54,60.0,53.1,1.0,0.885
2024-06-09 16:00:00,23.87,21.56,25.67,60.0,23.87,21.56,0.398,0.359
2024-06-09 17:00:00,0.0,6.01,3.69,23.87,0.0,6.01,0.0,0.1
2024-06-09 18:00:00,0.66,2.43,0.0,0.0,0.66,2.43,0.011,0.04
2024-06-09 19:00:00,4.03,2.03,0.0,0.66,4.03,2.03,0.067,0.034
2024-06-09 20:00:00,0.0,2.47,0.41,4.03,0.0,2.47,0.0,0.041
2024-06-09 21:00:00,0.0,2.22,0.39,0.0,0.0,2.22,0.0,0.037
2024-06-09 22:00:00,0.0,2.73,0.56,0.0,0.0,2.73,0.0,0.045
2024-06-09 23:00:00,0.0,3.64,1.34,0.0,0.0,3.64,0.0,0.061
2024-06-10 00:00:00,0.0,1.79,1.24,0.0,0.0,1.79,0.0,0.03
2024-06-10 01:00:00,3.35,1.07,1.14,0.0,3.35,1.07,0.056,0.018
2024-06-10 02:00:00,190.39,172.52,185.82,3.35,190.39,172.52,3.173,2.875
2024-06-10 03:00:00,1.94,7.41,9.46,190.39,1.94,7.41,0.032,0.124
2024-06-10 04:00:00,3.44,15.66,19.94,1.94,3.44,15.66,0.057,0.261
2024-06-10 05:00:00,2.39,11.57,10.53,3.44,2.39,11.57,0.04,0.193
2024-06-10 06:00:00,16.2,21.58,22.46,2.39,16.2,21.58,0.27,0.36
2024-06-10 07:00:00,55.95,55.46,58.54,16.2,55.95,55.46,0.932,0.924
2024-06-10 08:00:00,77.76,72.14,69.58,55.95,77.76,72.14,1.296,1.202
2024-06-10 09:00:00,109.82,101.34,104.87,77.76,109.82,101.34,1.83,1.689
2024-06-10 10:00:00,135.4,130.7,128.85,109.82,135.4,130.7,2.257,2.178
2024-06-10 11:00:00,101.79,117.32,118.56,135.4,101.79,117.32,1.696,1.955
2024-06-10 12:00:00,87.71,98.16,101.87,101.79,87.71,98.16,1.462,1.636
2024-06-10 13:00:00,102.16,105.8,108.08,87.71,102.16,105.8,1.703,1.763
2024-06-10 14:00:00,72.49,66.42,71.44,102.16,72.49,66.42,1.208,1.107
2024-06-10 15:00:00,58.04,54.08,55.95,72.49,58.04,54.08,0.967,0.901
2024-06-10 16:00:00,20.84,23.76,23.73,58.04,20.84,23.76,0.347,0.396
2024-06-10 17:00:00,1.94,5.43,2.18,20.84,1.94,5.43,0.032,0.09
2024-06-10 18:00:00,4.7,2.29,0.0,1.94,4.7,2.29,0.078,0.038
2024-06-10 19:00:00,2.74,2.44,0.07,4.7,2.74,2.44,0.046,0.041
2024-06-10 20:00:00,0.0,4.47,0.06,2.74,0.0,4.47,0.0,0.074
2024-06-10 21:00:00,0.0,3.98,1.06,0.0,0.0,3.98,0.0,0.066
2024-06-10 22:00:00,1.43,4.95,4.78,0.0,1.43,4.95,0.024,0.082
2024-06-10 23:00:00,0.0,3.47,3.56,1.43,0.0,3.47,0.0,0.058
2024-06-11 00:00:00,0.54,3.15,3.5,0.0,0.54,3.15,0.009,0.052
2024-06-11 01:00:00,0.0,4.36,4.81,0.54,0.0,4.36,0.0,0.073
2024-06-11 02:00:00,1.95,2.53,8.9,0.0,1.95,2.53,0.033,0.042
2024-06-11 03:00:00,200.44,215.86,238.61,1.95,200.44,215.86,3.341,3.598
2024-06-11 04:00:00,5.48,5.94,13.33,200.44,5.48,5.94,0.091,0.099
2024-06-11 05:00:00,0.0,14.69,17.92,5.48,0.0,14.69,0.0,0.245
2024-06-11 06:00:00,18.28,21.07,19.69,0.0,18.28,21.07,0.305,0.351
2024-06-11 07:00:00,30.54,36.85,36.62,18.28,30.54,36.85,0.509,0.614
2024-06-11 08:00:00,76.81,82.93,83.32,30.54,76.81,82.93,1.28,1.382
2024-06-11 09:00:00,116.65,119.15,119.49,76.81,116.65,119.15,1.944,1.986
2024-06-11 10:00:00,96.5,99.34,100.75,116.65,96.5,99.34,1.608,1.656
2024-06-11 11:00:00,107.24,112.13,113.86,96.5,107.24,112.13,1.787,1.869
2024-06-11 12:00:00,128.65,130.54,129.46,107.24,128.65,130.54,2.144,2.176
2024-06-11 13:00:00,69.85,76.74,80.1,128.65,69.85,76.74,1.164,1.279
2024-06-11 14:00:00,90.31,96.86,95.06,69.85,90.31,96.86,1.505,1.614
2024-06-11 15:00:00,62.97,63.48,70.93,90.31,62.97,63.48,1.049,1.058
2024-06-11 16:00:00,15.34,27.77,23.89,62.97,15.34,27.77,0.256,0.463
2024-06-11 17:00:00,1.07,4.55,2.4,15.34,1.07,4.55,0.018,0.076
2024-06-11 18:00:00,0.64,6.42,1.25,1.07,0.64,6.42,0.011,0.107
2024-06-11 19:00:00,1.04,2.43,0.0,0.64,1.04,2.43,0.017,0.041
2024-06-11 20:00:00,0.75,6.63,5.16,1.04,0.75,6.63,0.012,0.111
2024-06-11 21:00:00,0.0,3.31,2.15,0.75,0.0,3.31,0.0,0.055
2024-06-11 22:00:00,3.22,5.01,4.98,0.0,3.22,5.01,0.054,0.084
2024-06-11 23:00:00,21.16,27.52,28.98,3.22,21.16,27.52,0.353,0.459
2024-06-12 00:00:00,4.5,5.01,5.42,21.16,4.5,5.01,0.075,0.083
2024-06-12 01:00:00,0.0,3.15,3.92,4.5,0.0,3.15,0.0,0.052
2024-06-12 02:00:00,0.0,5.44,6.48,0.0,0.0,5.44,0.0,0.091
2024-06-12 03:00:00,15.42,0.8,6.35,0.0,15.42,0.8,0.257,0.013
2024-06-12 04:00:00,10.41,10.95,12.22,15.42,10.41,10.95,0.173,0.183
2024-06-12 05:00:00,0.82,10.59,9.97,10.41,0.82,10.59,0.014,0.177
2024-06-12 06:00:00,12.84,22.19,19.9,0.82,12.84,22.19,0.214,0.37
2024-06-12 07:00:00,56.46,52.67,53.25,12.84,56.46,52.67,0.941,0.878
2024-06-12 08:00:00,52.77,65.16,65.02,56.46,52.77,65.16,0.88,1.086
2024-06-12 09:00:00,96.77,102.88,103.01,52.77,96.77,102.88,1.613,1.715
2024-06-12 10:00:00,139.76,136.47,136.8,96.77,139.76,136.47,2.329,2.274
2024-06-12 11:00:00,137.38,131.79,132.61,139.76,137.38,131.79,2.29,2.196
2024-06-12 12:00:00,134.18,134.95,132.99,137.38,134.18,134.95,2.236,2.249
2024-06-12 13:00:00,114.66,114.43,113.47,134.18,114.66,114.43,1.911,1.907
2024-06-12 14:00:00,88.93,94.02,94.44,114.66,88.93,94.02,1.482,1.567
2024-06-12 15:00:00,60.09,57.94,59.02,88.93,60.09,57.94,1.002,0.966
2024-06-12 16:00:00,21.43,19.52,19.44,60.09,21.43,19.52,0.357,0.325
2024-06-12 17:00:00,0.0,5.61,2.03,21.43,0.0,5.61,0.0,0.094
2024-06-12 18:00:00,0.0,5.81,0.0,0.0,0.0,5.81,0.0,0.097
2024-06-12 19:00:00,1.47,5.33,0.0,0.0,1.47,5.33,0.024,0.089
2024-06-12 20:00:00,0.06,3.79,0.0,1.47,0.06,3.79,0.001,0.063
2024-06-12 21:00:00,28.0,19.8,20.17,0.06,28.0,19.8,0.467,0.33
2024-06-12 22:00:00,1.23,2.33,1.2,28.0,1.23,2.33,0.02,0.039
2024-06-12 23:00:00,4.9,10.74,13.49,1.23,4.9,10.74,0.082,0.179
2024-06-13 00:00:00,9.75,19.66,20.88,4.9,9.75,19.66,0.162,0.328
2024-06-13 01:00:00,0.0,6.0,7.34,9.75,0.0,6.0,0.0,0.1
2024-06-13 02:00:00,8.7,6.91,7.84,0.0,8.7,6.91,0.145,0.115
2024-06-13 03:00:00,0.0,5.57,6.71,8.7,0.0,5.57,0.0,0.093
2024-06-13 04:00:00,16.55,15.19,16.59,0.0,16.55,15.19,0.276,0.253
2024-06-13 05:00:00,3.68,11.09,9.89,16.55,3.68,11.09,0.061,0.185
2024-06-13 06:00:00,54.09,41.97,41.81,3.68,54.09,41.97,0.902,0.7
2024-06-13 07:00:00,50.79,44.15,45.26,54.09,50.79,44.15,0.846,0.736
2024-06-13 08:00:00,78.97,83.05,86.54,50.79,78.97,83.05,1.316,1.384
2024-06-13 09:00:00,115.13,119.66,114.5,78.97,115.13,119.66,1.919,1.994
2024-06-13 10:00:00,146.22,148.43,153.52,115.13,146.22,148.43,2.437,2.474
2024-06-13 11:00:00,117.43,118.75,119.84,146.22,117.43,118.75,1.957,1.979
2024-06-13 12:00:00,133.94,132.72,132.52,117.43,133.94,132.72,2.232,2.212
2024-06-13 13:00:00,79.59,82.1,86.52,133.94,79.59,82.1,1.326,1.368
2024-06-13 14:00:00,69.45,73.98,76.17,79.59,69.45,73.98,1.158,1.233
2024-06-13 15:00:00,33.69,31.24,33.59,69.45,33.69,31.24,0.562,0.521
2024-06-13 16:00:00,18.85,26.13,26.02,33.69,18.85,26.13,0.314,0.436
2024-06-13 17:00:00,2.28,8.15,2.38,18.85,2.28,8.15,0.038,0.136
2024-06-13 18:00:00,1.29,8.74,7.66,2.28,1.29,8.74,0.021,0.146
2024-06-13 19:00:00,0.35,2.21,0.0,1.29,0.35,2.21,0.006,0.037
2024-06-13 20:00:00,0.0,3.11,1.27,0.35,0.0,3.11,0.0,0.052
2024-06-13 21:00:00,0.0,2.14,1.55,0.0,0.0,2.14,0.0,0.036
2024-06-13 22:00:00,1.45,3.66,1.87,0.0,1.45,3.66,0.024,0.061
2024-06-13 23:00:00,10.84,9.74,10.73,1.45,10.84,9.74,0.181,0.162
2024-06-14 00:00:00,0.26,2.2,3.2,10.84,0.26,2.2,0.004,0.037
2024-06-14 01:00:00,0.0,7.48,7.42,0.26,0.0,7.48,0.0,0.125
2024-06-14 02:00:00,0.09,1.22,0.9,0.0,0.09,1.22,0.002,0.02
2024-06-14 03:00:00,2.63,5.4,4.63,0.09,2.63,5.4,0.044,0.09
2024-06-14 04:00:00,15.1,15.28,17.01,2.63,15.1,15.28,0.252,0.255
2024-06-14 05:00:00,16.96,26.7,29.45,15.1,16.96,26.7,0.283,0.445
2024-06-14 06:00:00,27.7,38.03,40.18,16.96,27.7,38.03,0.462,0.634
2024-06-14 07:00:00,42.35,37.04,37.85,27.7,42.35,37.04,0.706,0.617
2024-06-14 08:00:00,59.89,74.12,75.47,42.35,59.89,74.12,0.998,1.235
2024-06-14 09:00:00,105.15,110.35,108.64,59.89,105.15,110.35,1.753,1.839
2024-06-14 10:00:00,113.16,111.82,112.99,105.15,113.16,111.82,1.886,1.864
2024-06-14 11:00:00,128.57,126.23,128.37,113.16,128.57,126.23,2.143,2.104
2024-06-14 12:00:00,115.57,120.75,122.7,128.57,115.57,120.75,1.926,2.013
2024-06-14 13:00:00,118.64,118.66,115.44,115.57,118.64,118.66,1.977,1.978
2024-06-14 14:00:00,60.12,73.15,79.68,118.64,60.12,73.15,1.002,1.219
2024-06-14 15:00:00,29.33,36.54,36.01,60.12,29.33,36.54,0.489,0.609
2024-06-14 16:00:00,18.56,20.85,18.4,29.33,18.56,20.85,0.309,0.347
2024-06-14 17:00:00,0.0,9.21,3.09,18.56,0.0,9.21,0.0,0.154
2024-06-14 18:00:00,0.0,3.37,0.0,0.0,0.0,3.37,0.0,0.056
2024-06-14 19:00:00,1.64,3.46,0.0,0.0,1.64,3.46,0.027,0.058
2024-06-14 20:00:00,0.0,3.69,0.0,1.64,0.0,3.69,0.0,0.062
2024-06-14 21:00:00,3.11,4.76,0.38,0.0,3.11,4.76,0.052,0.079
2024-06-14 22:00:00,0.0,8.01,3.99,3.11,0.0,8.01,0.0,0.133
2024-06-14 23:00:00,4.66,2.94,1.57,0.0,4.66,2.94,0.078,0.049
2024-06-15 00:00:00,3.45,2.85,2.6,4.66,3.45,2.85,0.058,0.047
2024-06-15 01:00:00,0.28,1.51,1.62,3.45,0.28,1.51,0.005,0.025
2024-06-15 02:00:00,6.22,25.48,27.77,0.28,6.22,25.48,0.104,0.425
2024-06-15 03:00:00,0.0,2.17,1.42,6.22,0.0,2.17,0.0,0.036
2024-06-15 04:00:00,9.56,18.77,18.92,0.0,9.56,18.77,0.159,0.313
2024-06-15 05:00:00,0.0,5.86,4.47,9.56,0.0,5.86,0.0,0.098
2024-06-15 06:00:00,85.85,59.65,64.24,0.0,85.85,59.65,1.431,0.994
2024-06-15 07:00:00,106.91,80.94,89.17,85.85,106.91,80.94,1.782,1.349
2024-06-15 08:00:00,79.16,75.04,77.31,106.91,79.16,75.04,1.319,1.251
2024-06-15 09:00:00,80.4,90.47,94.2,79.16,80.4,90.47,1.34,1.508
2024-06-15 10:00:00,104.69,102.99,99.03,80.4,104.69,102.99,1.745,1.717
2024-06-15 11:00:00,162.14,151.24,151.4,104.69,162.14,151.24,2.702,2.521
2024-06-15 12:00:00,120.22,111.07,113.31,162.14,120.22,111.07,2.004,1.851
2024-06-15 13:00:00,108.51,111.11,110.35,120.22,108.51,111.11,1.808,1.852
2024-06-15 14:00:00,81.22,89.05,89.24,108.51,81.22,89.05,1.354,1.484
2024-06-15 15:00:00,58.11,55.8,54.08,81.22,58.11,55.8,0.968,0.93
2024-06-15 16:00:00,22.42,19.75,18.17,58.11,22.42,19.75,0.374,0.329
2024-06-15 17:00:00,1.76,4.94,2.51,22.42,1.76,4.94,0.029,0.082
2024-06-15 18:00:00,0.53,3.22,0.0,1.76,0.53,3.22,0.009,0.054
2024-06-15 19:00:00,0.45,4.63,0.0,0.53,0.45,4.63,0.008,0.077
2024-06-15 20:00:00,0.12,4.25,0.0,0.45,0.12,4.25,0.002,0.071
2024-06-15 21:00:00,0.0,5.7,2.24,0.12,0.0,5.7,0.0,0.095
2024-06-15 22:00:00,0.0,3.73,1.07,0.0,0.0,3.73,0.0,0.062
2024-06-15 23:00:00,4.96,7.07,7.89,0.0,4.96,7.07,0.083,0.118
2024-06-16 00:00:00,0.48,2.13,1.19,4.96,0.48,2.13,0.008,0.036
2024-06-16 01:00:00,4.14,5.07,5.66,0.48,4.14,5.07,0.069,0.084
2024-06-16 02:00:00,1.19,4.71,5.71,4.14,1.19,4.71,0.02,0.078
2024-06-16 03:00:00,0.0,3.77,3.53,1.19,0.0,3.77,0.0,0.063
2024-06-16 04:00:00,11.38,15.27,16.52,0.0,11.38,15.27,0.19,0.255
2024-06-16 05:00:00,3.69,13.45,13.66,11.38,3.69,13.45,0.061,0.224
2024-06-16 06:00:00,28.33,29.56,31.48,3.69,28.33,29.56,0.472,0.493
2024-06-16 07:00:00,57.37,60.93,65.55,28.33,57.37,60.93,0.956,1.015
2024-06-16 08:00:00,60.35,64.46,66.97,57.37,60.35,64.46,1.006,1.074
2024-06-16 09:00:00,120.15,120.65,116.9,60.35,120.15,120.65,2.002,2.011
2024-06-16 10:00:00,121.97,122.51,124.66,120.15,121.97,122.51,2.033,2.042
2024-06-16 11:00:00,108.21,112.33,116.28,121.97,108.21,112.33,1.803,1.872
2024-06-16 12:00:00,89.57,106.2,105.1,108.21,89.57,106.2,1.493,1.77
2024-06-16 13:00:00,110.91,100.44,101.27,89.57,110.91,100.44,1.848,1.674
2024-06-16 14:00:00,73.6,66.12,67.22,110.91,73.6,66.12,1.227,1.102
2024-06-16 15:00:00,58.71,58.23,58.07,73.6,58.71,58.23,0.978,0.971
2024-06-16 16:00:00,19.5,18.71,18.7,58.71,19.5,18.71,0.325,0.312
2024-06-16 17:00:00,0.0,5.45,4.65,19.5,0.0,5.45,0.0,0.091
2024-06-16 18:00:00,0.0,2.96,0.4,0.0,0.0,2.96,0.0,0.049
2024-06-16 19:00:00,1.76,3.3,0.0,0.0,1.76,3.3,0.029,0.055
2024-06-16 20:00:00,0.0,4.15,0.12,1.76,0.0,4.15,0.0,0.069
2024-06-16 21:00:00,0.0,3.3,0.98,0.0,0.0,3.3,0.0,0.055
2024-06-16 22:00:00,0.0,4.01,1.67,0.0,0.0,4.01,0.0,0.067
2024-06-16 23:00:00,1.28,6.39,7.1,0.0,1.28,6.39,0.021,0.106
2024-06-17 00:00:00,5.66,9.23,9.81,1.28,5.66,9.23,0.094,0.154
2024-06-17 01:00:00,30.13,37.22,38.55,5.66,30.13,37.22,0.502,0.62
2024-06-17 02:00:00,1.54,1.41,0.89,30.13,1.54,1.41,0.026,0.023
2024-06-17 03:00:00,3.44,5.53,4.72,1.54,3.44,5.53,0.057,0.092
2024-06-17 04:00:00,28.16,42.43,48.22,3.44,28.16,42.43,0.469,0.707
2024-06-17 05:00:00,13.83,10.73,11.78,28.16,13.83,10.73,0.23,0.179
2024-06-17 06:00:00,56.56,81.93,89.95,13.83,56.56,81.93,0.943,1.366
2024-06-17 07:00:00,42.38,42.94,40.9,56.56,42.38,42.94,0.706,0.716
2024-06-17 08:00:00,80.02,85.91,87.41,42.38,80.02,85.91,1.334,1.432
2024-06-17 09:00:00,98.03,105.41,106.92,80.02,98.03,105.41,1.634,1.757
2024-06-17 10:00:00,137.34,130.02,124.73,98.03,137.34,130.02,2.289,2.167
2024-06-17 11:00:00,92.6,103.9,107.02,137.34,92.6,103.9,1.543,1.732
2024-06-17 12:00:00,122.36,129.53,128.41,92.6,122.36,129.53,2.039,2.159
2024-06-17 13:00:00,90.79,88.67,90.45,122.36,90.79,88.67,1.513,1.478
2024-06-17 14:00:00,79.52,83.86,83.74,90.79,79.52,83.86,1.325,1.398
2024-06-17 15:00:00,45.76,59.61,61.65,79.52,45.76,59.61,0.763,0.993
2024-06-17 16:00:00,17.81,21.1,18.67,45.76,17.81,21.1,0.297,0.352
2024-06-17 17:00:00,0.0,6.11,5.02,17.81,0.0,6.11,0.0,0.102
2024-06-17 18:00:00,1.25,4.49,0.0,0.0,1.25,4.49,0.021,0.075
2024-06-17 19:00:00,0.01,4.74,0.0,1.25,0.01,4.74,0.0,0.079
2024-06-17 20:00:00,18.49,19.93,19.91,0.01,18.49,19.93,0.308,0.332
2024-06-17 21:00:00,7.85,9.95,11.12,18.49,7.85,9.95,0.131,0.166
2024-06-17 22:00:00,3.37,4.53,1.57,7.85,3.37,4.53,0.056,0.076
2024-06-17 23:00:00,3.18,4.89,5.41,3.37,3.18,4.89,0.053,0.081
2024-06-18 00:00:00,0.22,3.53,2.55,3.18,0.22,3.53,0.004,0.059
2024-06-18 01:00:00,0.0,1.83,2.16,0.22,0.0,1.83,0.0,0.03
2024-06-18 02:00:00,0.0,5.44,5.47,0.0,0.0,5.44,0.0,0.091
2024-06-18 03:00:00,1.76,3.05,2.67,0.0,1.76,3.05,0.029,0.051
2024-06-18 04:00:00,28.76,17.58,19.55,1.76,28.76,17.58,0.479,0.293
2024-06-18 05:00:00,16.05,18.57,21.0,28.76,16.05,18.57,0.268,0.309
2024-06-18 06:00:00,130.26,88.25,98.95,16.05,130.26,88.25,2.171,1.471
2024-06-18 07:00:00,56.66,54.85,59.38,130.26,56.66,54.85,0.944,0.914
2024-06-18 08:00:00,88.38,88.28,91.39,56.66,88.38,88.28,1.473,1.471
2024-06-18 09:00:00,102.21,102.22,106.12,88.38,102.21,102.22,1.703,1.704
2024-06-18 10:00:00,299.05,233.42,248.25,102.21,299.05,233.42,4.984,3.89
2024-06-18 11:00:00,125.54,114.84,118.78,299.05,125.54,114.84,2.092,1.914
2024-06-18 12:00:00,119.29,120.7,123.74,125.54,119.29,120.7,1.988,2.012
2024-06-18 13:00:00,105.56,118.34,119.16,119.29,105.56,118.34,1.759,1.972
2024-06-18 14:00:00,82.15,85.73,85.62,105.56,82.15,85.73,1.369,1.429
2024-06-18 15:00:00,41.18,41.31,44.77,82.15,41.18,41.31,0.686,0.688
2024-06-18 16:00:00,23.76,18.73,19.46,41.18,23.76,18.73,0.396,0.312
2024-06-18 17:00:00,4.36,12.6,13.98,23.76,4.36,12.6,0.073,0.21
2024-06-18 18:00:00,0.26,5.38,0.0,4.36,0.26,5.38,0.004,0.09
2024-06-18 19:00:00,0.0,3.5,0.0,0.26,0.0,3.5,0.0,0.058
2024-06-18 20:00:00,1.32,2.81,1.43,0.0,1.32,2.81,0.022,0.047
2024-06-18 21:00:00,0.0,3.85,0.92,1.32,0.0,3.85,0.0,0.064
2024-06-18 22:00:00,4.01,3.6,3.27,0.0,4.01,3.6,0.067,0.06
2024-06-18 23:00:00,0.0,2.99,3.11,4.01,0.0,2.99,0.0,0.05
2024-06-19 00:00:00,0.0,2.95,2.47,0.0,0.0,2.95,0.0,0.049
2024-06-19 01:00:00,0.56,4.09,5.1,0.0,0.56,4.09,0.009,0.068
2024-06-19 02:00:00,4.48,6.11,5.34,0.56,4.48,6.11,0.075,0.102
2024-06-19 03:00:00,0.0,8.14,9.2,4.48,0.0,8.14,0.0,0.136
2024-06-19 04:00:00,3.79,11.3,11.22,0.0,3.79,11.3,0.063,0.188
2024-06-19 05:00:00,2.81,8.41,8.04,3.79,2.81,8.41,0.047,0.14
2024-06-19 06:00:00,21.95,28.15,28.59,2.81,21.95,28.15,0.366,0.469
2024-06-19 07:00:00,60.59,55.95,55.17,21.95,60.59,55.95,1.01,0.933
2024-06-19 08:00:00,76.68,85.29,85.07,60.59,76.68,85.29,1.278,1.421
2024-06-19 09:00:00,86.38,91.02,93.7,76.68,86.38,91.02,1.44,1.517
2024-06-19 10:00:00,142.23,130.83,133.72,86.38,142.23,130.83,2.37,2.181
2024-06-19 11:00:00,106.86,112.82,113.68,142.23,106.86,112.82,1.781,1.88
2024-06-19 12:00:00,71.15,79.3,81.85,106.86,71.15,79.3,1.186,1.322
2024-06-19 13:00:00,108.89,111.56,111.93,71.15,108.89,111.56,1.815,1.859
2024-06-19 14:00:00,64.84,66.81,69.41,108.89,64.84,66.81,1.081,1.114
2024-06-19 15:00:00,60.36,58.71,59.99,64.84,60.36,58.71,1.006,0.978
2024-06-19 16:00:00,21.23,22.41,23.24,60.36,21.23,22.41,0.354,0.373
2024-06-19 17:00:00,0.0,7.94,2.75,21.23,0.0,7.94,0.0,0.132
2024-06-19 18:00:00,0.85,3.85,0.0,0.0,0.85,3.85,0.014,0.064
2024-06-19 19:00:00,0.0,2.51,0.0,0.85,0.0,2.51,0.0,0.042
2024-06-19 20:00:00,2.49,4.87,0.74,0.0,2.49,4.87,0.042,0.081
2024-06-19 21:00:00,2.34,4.42,0.5,2.49,2.34,4.42,0.039,0.074
2024-06-19 22:00:00,1.14,4.43,1.66,2.34,1.14,4.43,0.019,0.074
2024-06-19 23:00:00,4.37,12.66,13.43,1.14,4.37,12.66,0.073,0.211
2024-06-20 00:00:00,1.76,3.06,3.51,4.37,1.76,3.06,0.029,0.051
2024-06-20 01:00:00,0.12,2.6,1.71,1.76,0.12,2.6,0.002,0.043
2024-06-20 02:00:00,8.46,12.3,14.77,0.12,8.46,12.3,0.141,0.205
2024-06-20 03:00:00,5.67,7.99,7.33,8.46,5.67,7.99,0.095,0.133
2024-06-20 04:00:00,9.12,11.69,12.63,5.67,9.12,11.69,0.152,0.195
2024-06-20 05:00:00,0.4,7.5,5.61,9.12,0.4,7.5,0.007,0.125
2024-06-20 06:00:00,23.84,44.08,45.27,0.4,23.84,44.08,0.397,0.735
2024-06-20 07:00:00,142.83,95.4,104.8,23.84,142.83,95.4,2.38,1.59
2024-06-20 08:00:00,73.52,83.95,82.21,142.83,73.52,83.95,1.225,1.399
2024-06-20 09:00:00,115.79,114.53,116.1,73.52,115.79,114.53,1.93,1.909
2024-06-20 10:00:00,91.16,100.88,103.37,115.79,91.16,100.88,1.519,1.681
2024-06-20 11:00:00,139.13,142.65,138.35,91.16,139.13,142.65,2.319,2.378
2024-06-20 12:00:00,134.74,127.61,126.43,139.13,134.74,127.61,2.246,2.127
2024-06-20 13:00:00,110.01,103.16,106.63,134.74,110.01,103.16,1.834,1.719
2024-06-20 14:00:00,67.39,70.53,75.98,110.01,67.39,70.53,1.123,1.175
2024-06-20 15:00:00,54.68,48.35,48.75,67.39,54.68,48.35,0.911,0.806
2024-06-20 16:00:00,16.21,17.77,16.49,54.68,16.21,17.77,0.27,0.296
2024-06-20 17:00:00,0.0,5.1,1.43,16.21,0.0,5.1,0.0,0.085
2024-06-20 18:00:00,2.88,4.06,0.0,0.0,2.88,4.06,0.048,0.068
2024-06-20 19:00:00,0.0,3.86,0.0,2.88,0.0,3.86,0.0,0.064
2024-06-20 20:00:00,2.12,4.75,0.64,0.0,2.12,4.75,0.035,0.079
2024-06-20 21:00:00,0.0,2.79,0.66,2.12,0.0,2.79,0.0,0.047
2024-06-20 22:00:00,0.0,2.34,0.43,0.0,0.0,2.34,0.0,0.039
2024-06-20 23:00:00,8.36,12.25,12.49,0.0,8.36,12.25,0.139,0.204
2024-06-21 00:00:00,6.21,10.07,12.15,8.36,6.21,10.07,0.104,0.168
2024-06-21 01:00:00,0.0,4.58,3.99,6.21,0.0,4.58,0.0,0.076
2024-06-21 02:00:00,2.73,1.61,1.28,0.0,2.73,1.61,0.045,0.027
2024-06-21 03:00:00,46.07,50.98,58.52,2.73,46.07,50.98,0.768,0.85
2024-06-21 04:00:00,8.67,25.8,32.21,46.07,8.67,25.8,0.145,0.43
2024-06-21 05:00:00,35.18,37.3,41.06,8.67,35.18,37.3,0.586,0.622
2024-06-21 06:00:00,19.36,23.76,23.65,35.18,19.36,23.76,0.323,0.396
2024-06-21 07:00:00,43.15,44.78,49.88,19.36,43.15,44.78,0.719,0.746
2024-06-21 08:00:00,78.15,77.05,77.74,43.15,78.15,77.05,1.302,1.284
2024-06-21 09:00:00,135.1,133.4,136.34,78.15,135.1,133.4,2.252,2.223
2024-06-21 10:00:00,97.91,104.82,104.84,135.1,97.91,104.82,1.632,1.747
2024-06-21 11:00:00,106.82,113.0,113.1,97.91,106.82,113.0,1.78,1.883
2024-06-21 12:00:00,127.03,131.53,129.76,106.82,127.03,131.53,2.117,2.192
2024-06-21 13:00:00,102.82,115.65,117.19,127.03,102.82,115.65,1.714,1.928
2024-06-21 14:00:00,86.32,98.83,99.55,102.82,86.32,98.83,1.439,1.647
2024-06-21 15:00:00,76.46,75.56,82.65,86.32,76.46,75.56,1.274,1.259
2024-06-21 16:00:00,26.22,23.03,27.87,76.46,26.22,23.03,0.437,0.384
2024-06-21 17:00:00,1.14,8.75,3.46,26.22,1.14,8.75,0.019,0.146
2024-06-21 18:00:00,1.85,6.14,0.78,1.14,1.85,6.14,0.031,0.102
2024-06-21 19:00:00,0.2,4.59,0.0,1.85,0.2,4.59,0.003,0.076
2024-06-21 20:00:00,0.0,3.65,0.0,0.2,0.0,3.65,0.0,0.061
2024-06-21 21:00:00,1.84,7.53,7.01,0.0,1.84,7.53,0.031,0.125
2024-06-21 22:00:00,7.56,7.2,7.49,1.84,7.56,7.2,0.126,0.12
2024-06-21 23:00:00,0.0,3.62,2.77,7.56,0.0,3.62,0.0,0.06
2024-06-22 00:00:00,0.0,4.99,6.03,0.0,0.0,4.99,0.0,0.083
2024-06-22 01:00:00,26.56,29.25,32.17,0.0,26.56,29.25,0.443,0.488
2024-06-22 02:00:00,4.88,5.9,6.74,26.56,4.88,5.9,0.081,0.098
2024-06-22 03:00:00,1.01,2.34,2.66,4.88,1.01,2.34,0.017,0.039
2024-06-22 04:00:00,5.18,7.3,6.38,1.01,5.18,7.3,0.086,0.122
2024-06-22 05:00:00,5.44,8.55,8.92,5.18,5.44,8.55,0.091,0.142
2024-06-22 06:00:00,27.65,29.37,29.72,5.44,27.65,29.37,0.461,0.49
2024-06-22 07:00:00,57.48,62.36,61.96,27.65,57.48,62.36,0.958,1.039
2024-06-22 08:00:00,71.65,73.89,72.63,57.48,71.65,73.89,1.194,1.232
2024-06-22 09:00:00,198.47,160.38,173.11,71.65,198.47,160.38,3.308,2.673
2024-06-22 10:00:00,83.84,86.98,90.78,198.47,83.84,86.98,1.397,1.45
2024-06-22 11:00:00,130.56,128.14,128.15,83.84,130.56,128.14,2.176,2.136
2024-06-22 12:00:00,149.96,149.45,151.22,130.56,149.96,149.45,2.499,2.491
2024-06-22 13:00:00,114.64,120.77,120.45,149.96,114.64,120.77,1.911,2.013
2024-06-22 14:00:00,84.81,86.33,87.92,114.64,84.81,86.33,1.414,1.439
2024-06-22 15:00:00,48.92,57.21,61.26,84.81,48.92,57.21,0.815,0.953
2024-06-22 16:00:00,23.23,27.76,25.16,48.92,23.23,27.76,0.387,0.463
2024-06-22 17:00:00,0.0,6.4,6.55,23.23,0.0,6.4,0.0,0.107
2024-06-22 18:00:00,1.11,4.53,0.0,0.0,1.11,4.53,0.018,0.076
2024-06-22 19:00:00,0.0,4.19,0.0,1.11,0.0,4.19,0.0,0.07
2024-06-22 20:00:00,1.28,2.65,0.0,0.0,1.28,2.65,0.021,0.044
2024-06-22 21:00:00,0.0,4.74,1.13,1.28,0.0,4.74,0.0,0.079
2024-06-22 22:00:00,0.0,3.83,3.77,0.0,0.0,3.83,0.0,0.064
2024-06-22 23:00:00,2.14,5.01,4.96,0.0,2.14,5.01,0.036,0.083
2024-06-23 00:00:00,23.25,22.31,24.4,2.14,23.25,22.31,0.388,0.372
2024-06-23 01:00:00,13.02,23.45,30.39,23.25,13.02,23.45,0.217,0.391
2024-06-23 02:00:00,0.0,5.54,4.86,13.02,0.0,5.54,0.0,0.092
2024-06-23 03:00:00,23.58,31.57,36.1,0.0,23.58,31.57,0.393,0.526
2024-06-23 04:00:00,10.34,13.86,15.65,23.58,10.34,13.86,0.172,0.231
2024-06-23 05:00:00,12.54,18.57,20.13,10.34,12.54,18.57,0.209,0.309
2024-06-23 06:00:00,50.26,33.91,36.17,12.54,50.26,33.91,0.838,0.565
2024-06-23 07:00:00,62.91,56.85,57.79,50.26,62.91,56.85,1.048,0.948
2024-06-23 08:00:00,81.53,82.5,84.42,62.91,81.53,82.5,1.359,1.375
2024-06-23 09:00:00,123.27,122.12,125.35,81.53,123.27,122.12,2.054,2.035
2024-06-23 10:00:00,121.18,129.9,128.83,123.27,121.18,129.9,2.02,2.165
2024-06-23 11:00:00,110.55,112.91,113.32,121.18,110.55,112.91,1.842,1.882
2024-06-23 12:00:00,134.35,135.33,134.85,110.55,134.35,135.33,2.239,2.256
2024-06-23 13:00:00,96.02,98.95,101.47,134.35,96.02,98.95,1.6,1.649
2024-06-23 14:00:00,93.13,92.1,91.82,96.02,93.13,92.1,1.552,1.535
2024-06-23 15:00:00,46.87,47.54,47.19,93.13,46.87,47.54,0.781,0.792
2024-06-23 16:00:00,23.14,27.61,27.24,46.87,23.14,27.61,0.386,0.46
2024-06-23 17:00:00,1.76,6.41,2.32,23.14,1.76,6.41,0.029,0.107
2024-06-23 18:00:00,0.0,3.32,0.87,1.76,0.0,3.32,0.0,0.055
2024-06-23 19:00:00,0.5,2.84,0.0,0.0,0.5,2.84,0.008,0.047
2024-06-23 20:00:00,0.0,5.56,1.24,0.5,0.0,5.56,0.0,0.093
2024-06-23 21:00:00,0.0,3.32,1.19,0.0,0.0,3.32,0.0,0.055
2024-06-23 22:00:00,1.92,4.95,4.74,0.0,1.92,4.95,0.032,0.083
2024-06-23 23:00:00,1.82,3.43,2.86,1.92,1.82,3.43,0.03,0.057
2024-06-24 00:00:00,41.29,42.35,43.39,1.82,41.29,42.35,0.688,0.706
2024-06-24 01:00:00,36.64,17.62,22.12,41.29,36.64,17.62,0.611,0.294
2024-06-24 02:00:00,21.09,18.12,22.3,36.64,21.09,18.12,0.352,0.302
2024-06-24 03:00:00,45.69,48.26,55.99,21.09,45.69,48.26,0.762,0.804
2024-06-24 04:00:00,2.29,10.62,13.72,45.69,2.29,10.62,0.038,0.177
2024-06-24 05:00:00,6.89,21.22,24.03,2.29,6.89,21.22,0.115,0.354
2024-06-24 06:00:00,43.44,41.4,42.38,6.89,43.44,41.4,0.724,0.69
2024-06-24 07:00:00,64.3,51.2,55.18,43.44,64.3,51.2,1.072,0.853
2024-06-24 08:00:00,92.17,85.95,91.21,64.3,92.17,85.95,1.536,1.433
2024-06-24 09:00:00,66.17,67.65,72.93,92.17,66.17,67.65,1.103,1.127
2024-06-24 10:00:00,252.27,194.15,191.59,66.17,252.27,194.15,4.204,3.236
2024-06-24 11:00:00,117.26,115.72,118.28,252.27,117.26,115.72,1.954,1.929
2024-06-24 12:00:00,107.14,116.84,119.2,117.26,107.14,116.84,1.786,1.947
2024-06-24 13:00:00,70.1,69.31,74.94,107.14,70.1,69.31,1.168,1.155
2024-06-24 14:00:00,83.75,85.54,87.75,70.1,83.75,85.54,1.396,1.426
2024-06-24 15:00:00,48.33,46.74,46.69,83.75,48.33,46.74,0.806,0.779
2024-06-24 16:00:00,22.97,30.13,30.14,48.33,22.97,30.13,0.383,0.502
2024-06-24 17:00:00,0.22,7.53,7.75,22.97,0.22,7.53,0.004,0.125
2024-06-24 18:00:00,1.14,4.21,0.0,0.22,1.14,4.21,0.019,0.07
2024-06-24 19:00:00,2.12,3.77,0.0,1.14,2.12,3.77,0.035,0.063
2024-06-24 20:00:00,0.59,3.19,0.0,2.12,0.59,3.19,0.01,0.053
2024-06-24 21:00:00,35.05,27.44,28.45,0.59,35.05,27.44,0.584,0.457
2024-06-24 22:00:00,0.0,3.04,3.47,35.05,0.0,3.04,0.0,0.051
2024-06-24 23:00:00,0.0,4.81,3.02,0.0,0.0,4.81,0.0,0.08
2024-06-25 00:00:00,0.34,4.24,7.07,0.0,0.34,4.24,0.006,0.071
2024-06-25 01:00:00,3.44,8.03,11.36,0.34,3.44,8.03,0.057,0.134
2024-06-25 02:00:00,0.0,4.66,3.72,3.44,0.0,4.66,0.0,0.078
2024-06-25 03:00:00,10.74,10.67,13.59,0.0,10.74,10.67,0.179,0.178
2024-06-25 04:00:00,62.45,45.3,51.05,10.74,62.45,45.3,1.041,0.755
2024-06-25 05:00:00,37.97,44.6,50.6,62.45,37.97,44.6,0.633,0.743
2024-06-25 06:00:00,19.53,22.06,21.18,37.97,19.53,22.06,0.326,0.368
2024-06-25 07:00:00,188.86,173.09,183.81,19.53,188.86,173.09,3.148,2.885
2024-06-25 08:00:00,74.04,68.74,74.94,188.86,74.04,68.74,1.234,1.146
2024-06-25 09:00:00,118.47,124.36,123.48,74.04,118.47,124.36,1.974,2.073
2024-06-25 10:00:00,118.15,117.76,116.99,118.47,118.15,117.76,1.969,1.963
2024-06-25 11:00:00,129.81,130.05,128.65,118.15,129.81,130.05,2.164,2.167
2024-06-25 12:00:00,140.62,150.84,147.93,129.81,140.62,150.84,2.344,2.514
2024-06-25 13:00:00,75.16,79.14,80.55,140.62,75.16,79.14,1.253,1.319
2024-06-25 14:00:00,88.2,97.62,96.93,75.16,88.2,97.62,1.47,1.627
2024-06-25 15:00:00,26.46,32.72,38.03,88.2,26.46,32.72,0.441,0.545
2024-06-25 16:00:00,18.89,15.83,12.09,26.46,18.89,15.83,0.315,0.264
2024-06-25 17:00:00,1.9,6.17,3.16,18.89,1.9,6.17,0.032,0.103
2024-06-25 18:00:00,0.0,2.71,0.0,1.9,0.0,2.71,0.0,0.045
2024-06-25 19:00:00,0.0,5.15,0.07,0.0,0.0,5.15,0.0,0.086
2024-06-25 20:00:00,1.29,5.81,4.64,0.0,1.29,5.81,0.021,0.097
2024-06-25 21:00:00,0.0,3.58,2.02,1.29,0.0,3.58,0.0,0.06
2024-06-25 22:00:00,0.0,3.02,1.83,0.0,0.0,3.02,0.0,0.05
2024-06-25 23:00:00,0.47,6.21,4.75,0.0,0.47,6.21,0.008,0.104
2024-06-26 00:00:00,0.0,3.02,1.86,0.47,0.0,3.02,0.0,0.05
2024-06-26 01:00:00,66.54,70.5,72.08,0.0,66.54,70.5,1.109,1.175
2024-06-26 02:00:00,3.75,8.77,12.1,66.54,3.75,8.77,0.062,0.146
2024-06-26 03:00:00,1.39,4.96,5.35,3.75,1.39,4.96,0.023,0.083
2024-06-26 04:00:00,60.16,41.31,48.3,1.39,60.16,41.31,1.003,0.689
2024-06-26 05:00:00,5.46,17.37,24.05,60.16,5.46,17.37,0.091,0.29
2024-06-26 06:00:00,40.85,43.86,45.94,5.46,40.85,43.86,0.681,0.731
2024-06-26 07:00:00,61.76,69.8,75.62,40.85,61.76,69.8,1.029,1.163
2024-06-26 08:00:00,99.21,102.81,109.42,61.76,99.21,102.81,1.653,1.713
2024-06-26 09:00:00,91.33,104.72,102.33,99.21,91.33,104.72,1.522,1.745
2024-06-26 10:00:00,133.98,135.77,133.27,91.33,133.98,135.77,2.233,2.263
2024-06-26 11:00:00,135.25,130.73,130.95,133.98,135.25,130.73,2.254,2.179
2024-06-26 12:00:00,99.12,110.19,110.87,135.25,99.12,110.19,1.652,1.836
2024-06-26 13:00:00,73.16,83.13,86.71,99.12,73.16,83.13,1.219,1.385
2024-06-26 14:00:00,73.36,75.78,77.71,73.16,73.36,75.78,1.223,1.263
2024-06-26 15:00:00,57.33,50.21,48.12,73.36,57.33,50.21,0.956,0.837
2024-06-26 16:00:00,19.98,24.33,21.06,57.33,19.98,24.33,0.333,0.405
2024-06-26 17:00:00,1.32,6.99,5.54,19.98,1.32,6.99,0.022,0.116
2024-06-26 18:00:00,4.48,3.56,0.51,1.32,4.48,3.56,0.075,0.059
2024-06-26 19:00:00,0.0,4.54,0.0,4.48,0.0,4.54,0.0,0.076
2024-06-26 20:00:00,0.0,2.59,0.16,0.0,0.0,2.59,0.0,0.043
2024-06-26 21:00:00,0.0,5.43,1.57,0.0,0.0,5.43,0.0,0.09
2024-06-26 22:00:00,0.07,4.07,3.58,0.0,0.07,4.07,0.001,0.068
2024-06-26 23:00:00,1.98,4.52,2.35,0.07,1.98,4.52,0.033,0.075
2024-06-27 00:00:00,0.77,6.6,7.53,1.98,0.77,6.6,0.013,0.11
2024-06-27 01:00:00,7.43,4.37,7.8,0.77,7.43,4.37,0.124,0.073
2024-06-27 02:00:00,41.21,49.5,54.11,7.43,41.21,49.5,0.687,0.825
2024-06-27 03:00:00,5.46,6.18,7.98,41.21,5.46,6.18,0.091,0.103
2024-06-27 04:00:00,23.5,23.42,28.9,5.46,23.5,23.42,0.392,0.39
2024-06-27 05:00:00,9.16,11.12,12.0,23.5,9.16,11.12,0.153,0.185
2024-06-27 06:00:00,76.58,45.88,50.02,9.16,76.58,45.88,1.276,0.765
2024-06-27 07:00:00,51.53,57.87,58.78,76.58,51.53,57.87,0.859,0.964
2024-06-27 08:00:00,62.04,79.52,81.56,51.53,62.04,79.52,1.034,1.325
2024-06-27 09:00:00,103.76,92.23,96.7,62.04,103.76,92.23,1.729,1.537
2024-06-27 10:00:00,124.81,135.61,129.3,103.76,124.81,135.61,2.08,2.26
2024-06-27 11:00:00,134.35,138.48,135.94,124.81,134.35,138.48,2.239,2.308
2024-06-27 12:00:00,110.11,111.72,111.51,134.35,110.11,111.72,1.835,1.862
2024-06-27 13:00:00,112.61,124.28,122.08,110.11,112.61,124.28,1.877,2.071
2024-06-27 14:00:00,58.27,62.67,64.32,112.61,58.27,62.67,0.971,1.045
2024-06-27 15:00:00,47.02,51.36,53.68,58.27,47.02,51.36,0.784,0.856
2024-06-27 16:00:00,21.39,27.28,23.99,47.02,21.39,27.28,0.356,0.455
2024-06-27 17:00:00,0.0,7.5,2.68,21.39,0.0,7.5,0.0,0.125
2024-06-27 18:00:00,2.66,4.77,0.0,0.0,2.66,4.77,0.044,0.08
2024-06-27 19:00:00,0.59,5.04,0.28,2.66,0.59,5.04,0.01,0.084
2024-06-27 20:00:00,0.0,3.89,2.17,0.59,0.0,3.89,0.0,0.065
2024-06-27 21:00:00,0.05,2.52,0.31,0.0,0.05,2.52,0.001,0.042
2024-06-27 22:00:00,0.0,4.88,3.45,0.05,0.0,4.88,0.0,0.081
2024-06-27 23:00:00,0.0,2.97,1.85,0.0,0.0,2.97,0.0,0.049
2024-06-28 00:00:00,2.35,5.56,6.45,0.0,2.35,5.56,0.039,0.093
2024-06-28 01:00:00,17.39,23.17,25.62,2.35,17.39,23.17,0.29,0.386
2024-06-28 02:00:00,13.05,8.07,11.92,17.39,13.05,8.07,0.217,0.134
2024-06-28 03:00:00,26.34,20.32,24.07,13.05,26.34,20.32,0.439,0.339
2024-06-28 04:00:00,3.19,6.21,7.21,26.34,3.19,6.21,0.053,0.103
2024-06-28 05:00:00,47.28,52.19,56.73,3.19,47.28,52.19,0.788,0.87
2024-06-28 06:00:00,27.95,28.62,32.85,47.28,27.95,28.62,0.466,0.477
2024-06-28 07:00:00,51.06,54.81,54.05,27.95,51.06,54.81,0.851,0.914
2024-06-28 08:00:00,111.76,103.04,104.77,51.06,111.76,103.04,1.863,1.717
2024-06-28 09:00:00,131.18,121.35,133.38,111.76,131.18,121.35,2.186,2.023
2024-06-28 10:00:00,135.75,132.83,133.75,131.18,135.75,132.83,2.262,2.214
2024-06-28 11:00:00,121.01,130.19,129.91,135.75,121.01,130.19,2.017,2.17
2024-06-28 12:00:00,122.36,125.74,125.06,121.01,122.36,125.74,2.039,2.096
2024-06-28 13:00:00,107.41,106.98,108.61,122.36,107.41,106.98,1.79,1.783
2024-06-28 14:00:00,60.38,64.86,70.55,107.41,60.38,64.86,1.006,1.081
2024-06-28 15:00:00,38.18,35.87,34.98,60.38,38.18,35.87,0.636,0.598
2024-06-28 16:00:00,19.85,22.23,21.79,38.18,19.85,22.23,0.331,0.371
2024-06-28 17:00:00,0.64,7.91,2.4,19.85,0.64,7.91,0.011,0.132
2024-06-28 18:00:00,0.0,2.84,0.0,0.64,0.0,2.84,0.0,0.047
2024-06-28 19:00:00,2.3,9.23,7.09,0.0,2.3,9.23,0.038,0.154
2024-06-28 20:00:00,0.0,2.39,0.0,2.3,0.0,2.39,0.0,0.04
2024-06-28 21:00:00,0.0,4.01,0.84,0.0,0.0,4.01,0.0,0.067
2024-06-28 22:00:00,2.67,4.62,4.13,0.0,2.67,4.62,0.045,0.077
2024-06-28 23:00:00,0.0,5.2,5.63,2.67,0.0,5.2,0.0,0.087
2024-06-29 00:00:00,1.97,13.61,15.26,0.0,1.97,13.61,0.033,0.227
2024-06-29 01:00:00,2.53,7.15,9.57,1.97,2.53,7.15,0.042,0.119
2024-06-29 02:00:00,0.0,4.6,4.42,2.53,0.0,4.6,0.0,0.077
2024-06-29 03:00:00,29.22,27.82,32.35,0.0,29.22,27.82,0.487,0.464
2024-06-29 04:00:00,2.24,6.72,7.12,29.22,2.24,6.72,0.037,0.112
2024-06-29 05:00:00,62.61,55.6,64.12,2.24,62.61,55.6,1.044,0.927
2024-06-29 06:00:00,24.62,26.32,27.19,62.61,24.62,26.32,0.41,0.439
2024-06-29 07:00:00,71.51,88.02,91.35,24.62,71.51,88.02,1.192,1.467
2024-06-29 08:00:00,60.03,75.53,78.54,71.51,60.03,75.53,1.0,1.259
2024-06-29 09:00:00,98.98,100.91,101.59,60.03,98.98,100.91,1.65,1.682
2024-06-29 10:00:00,91.62,100.02,100.69,98.98,91.62,100.02,1.527,1.667
2024-06-29 11:00:00,145.98,140.58,139.73,91.62,145.98,140.58,2.433,2.343
2024-06-29 12:00:00,101.73,109.89,112.56,145.98,101.73,109.89,1.696,1.831
2024-06-29 13:00:00,76.34,87.3,91.99,101.73,76.34,87.3,1.272,1.455
2024-06-29 14:00:00,83.82,85.15,84.34,76.34,83.82,85.15,1.397,1.419
2024-06-29 15:00:00,54.39,51.76,53.95,83.82,54.39,51.76,0.906,0.863
2024-06-29 16:00:00,24.32,20.57,22.31,54.39,24.32,20.57,0.405,0.343
2024-06-29 17:00:00,0.0,9.0,3.88,24.32,0.0,9.0,0.0,0.15
2024-06-29 18:00:00,1.02,3.85,0.0,0.0,1.02,3.85,0.017,0.064
2024-06-29 19:00:00,3.68,2.54,0.0,1.02,3.68,2.54,0.061,0.042
2024-06-29 20:00:00,0.0,3.78,0.16,3.68,0.0,3.78,0.0,0.063
2024-06-29 21:00:00,0.0,3.33,0.0,0.0,0.0,3.33,0.0,0.055
2024-06-29 22:00:00,1.56,6.55,4.75,0.0,1.56,6.55,0.026,0.109
2024-06-29 23:00:00,0.33,3.99,2.31,1.56,0.33,3.99,0.005,0.066
2024-06-30 00:00:00,2.68,5.1,5.97,0.33,2.68,5.1,0.045,0.085
2024-06-30 01:00:00,37.36,29.51,32.18,2.68,37.36,29.51,0.623,0.492
2024-06-30 02:00:00,6.15,11.39,14.18,37.36,6.15,11.39,0.102,0.19
2024-06-30 03:00:00,6.43,14.03,17.54,6.15,6.43,14.03,0.107,0.234
2024-06-30 04:00:00,0.0,5.14,3.93,6.43,0.0,5.14,0.0,0.086
2024-06-30 05:00:00,40.75,36.85,41.33,0.0,40.75,36.85,0.679,0.614
2024-06-30 06:00:00,17.79,18.2,20.25,40.75,17.79,18.2,0.296,0.303
2024-06-30 07:00:00,55.12,57.16,59.59,17.79,55.12,57.16,0.919,0.953
2024-06-30 08:00:00,158.46,134.16,145.4,55.12,158.46,134.16,2.641,2.236
2024-06-30 09:00:00,104.72,98.7,102.44,158.46,104.72,98.7,1.745,1.645
2024-06-30 10:00:00,125.25,136.35,135.82,104.72,125.25,136.35,2.088,2.272
2024-06-30 11:00:00,118.58,123.57,124.31,125.25,118.58,123.57,1.976,2.06
2024-06-30 12:00:00,103.54,113.42,112.27,118.58,103.54,113.42,1.726,1.89
2024-06-30 13:00:00,116.68,122.81,120.99,103.54,116.68,122.81,1.945,2.047
2024-06-30 14:00:00,86.75,90.95,92.45,116.68,86.75,90.95,1.446,1.516
2024-06-30 15:00:00,53.73,58.7,61.38,86.75,53.73,58.7,0.896,0.978
2024-06-30 16:00:00,17.45,24.78,21.0,53.73,17.45,24.78,0.291,0.413
2024-06-30 17:00:00,1.27,6.18,5.11,17.45,1.27,6.18,0.021,0.103
2024-06-30 18:00:00,0.0,5.87,0.0,1.27,0.0,5.87,0.0,0.098
2024-06-30 19:00:00,0.45,4.55,0.06,0.0,0.45,4.55,0.008,0.076
2024-06-30 20:00:00,0.14,2.37,0.0,0.45,0.14,2.37,0.002,0.04
2024-06-30 21:00:00,0.0,6.04,2.12,0.14,0.0,6.04,0.0,0.101
2024-06-30 22:00:00,0.96,3.35,1.16,0.0,0.96,3.35,0.016,0.056
