datetime,Actual_Renewable,QNN_Predicted_Renewable,Absolute_Error,Percentage_Error,Num_EVs_Charged
2024-06-03 19:00:00,2.9,2.63,0.23,8.041958,0.043833
2024-06-03 20:00:00,2.1,6.7,4.64,225.242718,0.111667
2024-06-03 21:00:00,0.3,5.26,4.96,1653.333333,0.087667
2024-06-03 22:00:00,2.8,4.23,1.43,51.071429,0.0705
2024-06-03 23:00:00,1.6,1.78,0.18,11.25,0.029667
2024-06-04 00:00:00,0.3,9.28,9.0,3214.285714,0.154667
2024-06-04 01:00:00,51.8,46.22,5.55,10.720494,0.770333
2024-06-04 02:00:00,19.2,11.85,7.39,38.409563,0.1975
2024-06-04 03:00:00,53.9,69.59,15.66,29.037641,1.159833
2024-06-04 04:00:00,0.0,3.35,3.35,0.0,0.055833
2024-06-04 05:00:00,0.0,8.73,8.73,0.0,0.1455
2024-06-04 06:00:00,31.7,34.59,2.85,8.979206,0.5765
2024-06-04 07:00:00,58.2,69.02,10.8,18.550326,1.150333
2024-06-04 08:00:00,111.0,109.82,1.23,1.107609,1.830333
2024-06-04 09:00:00,114.8,104.16,10.6,9.236668,1.736
2024-06-04 10:00:00,164.3,159.45,4.81,2.928284,2.6575
2024-06-04 11:00:00,69.1,73.35,4.21,6.089095,1.2225
2024-06-04 12:00:00,97.9,97.02,0.88,0.898876,1.617
2024-06-04 13:00:00,92.4,91.33,1.05,1.13661,1.522167
2024-06-04 14:00:00,49.7,57.87,8.15,16.391794,0.9645
2024-06-04 15:00:00,36.7,37.06,0.36,0.980926,0.617667
2024-06-04 16:00:00,14.0,14.64,0.69,4.946237,0.244
2024-06-04 17:00:00,0.0,6.58,6.58,0.0,0.109667
2024-06-04 18:00:00,0.0,3.74,3.74,0.0,0.062333
2024-06-04 19:00:00,0.5,3.59,3.07,590.384615,0.059833
2024-06-04 20:00:00,0.0,1.84,1.84,0.0,0.030667
2024-06-04 21:00:00,4.6,2.82,1.8,38.961039,0.047
2024-06-04 22:00:00,0.0,4.52,4.52,0.0,0.075333
2024-06-04 23:00:00,1.2,2.86,1.62,130.645161,0.047667
2024-06-05 00:00:00,0.0,1.69,1.69,0.0,0.028167
2024-06-05 01:00:00,0.0,0.82,0.82,0.0,0.013667
2024-06-05 02:00:00,0.0,0.6,0.6,0.0,0.01
2024-06-05 03:00:00,2.8,6.33,3.53,126.071429,0.1055
2024-06-05 04:00:00,15.7,15.54,0.13,0.829611,0.259
2024-06-05 05:00:00,13.7,17.89,4.16,30.298616,0.298167
2024-06-05 06:00:00,47.4,40.34,7.1,14.966273,0.672333
2024-06-05 07:00:00,60.8,63.37,2.6,4.278427,1.056167
2024-06-05 08:00:00,63.3,77.39,14.11,22.297724,1.289833
2024-06-05 09:00:00,123.7,114.17,9.51,7.689198,1.902833
2024-06-05 10:00:00,119.9,111.56,8.33,6.948036,1.859333
2024-06-05 11:00:00,115.0,109.91,5.04,4.384515,1.831833
2024-06-05 12:00:00,132.4,134.43,1.98,1.494904,2.2405
2024-06-05 13:00:00,115.0,123.96,8.95,7.781932,2.066
2024-06-05 14:00:00,65.2,70.56,5.36,8.220859,1.176
2024-06-05 15:00:00,44.7,46.34,1.63,3.645717,0.772333
2024-06-05 16:00:00,20.8,21.52,0.69,3.31253,0.358667
2024-06-05 17:00:00,0.8,6.87,6.08,769.620253,0.1145
2024-06-05 18:00:00,2.4,3.62,1.2,49.586777,0.060333
2024-06-05 19:00:00,0.0,4.51,4.51,0.0,0.075167
2024-06-05 20:00:00,0.0,2.15,2.15,0.0,0.035833
2024-06-05 21:00:00,0.1,6.91,6.84,9771.428571,0.115167
2024-06-05 22:00:00,4.1,2.79,1.31,31.95122,0.0465
2024-06-05 23:00:00,0.0,3.4,3.4,0.0,0.056667
2024-06-06 00:00:00,70.3,52.36,17.96,25.540387,0.872667
2024-06-06 01:00:00,3.6,5.63,2.02,55.955679,0.093833
2024-06-06 02:00:00,1.2,3.76,2.58,218.644068,0.062667
2024-06-06 03:00:00,28.2,27.94,0.26,0.921986,0.465667
2024-06-06 04:00:00,15.3,14.72,0.61,3.979126,0.245333
2024-06-06 05:00:00,19.9,18.91,0.99,4.974874,0.315167
2024-06-06 06:00:00,22.0,15.85,6.18,28.052655,0.264167
2024-06-06 07:00:00,59.2,62.41,3.2,5.404492,1.040167
2024-06-06 08:00:00,105.7,97.16,8.51,8.053374,1.619333
2024-06-06 09:00:00,111.1,105.78,5.36,4.822746,1.763
2024-06-06 10:00:00,140.5,129.34,11.15,7.936508,2.155667
2024-06-06 11:00:00,125.4,127.71,2.35,1.874601,2.1285
2024-06-06 12:00:00,104.9,109.75,4.86,4.633425,1.829167
2024-06-06 13:00:00,107.0,107.05,0.09,0.084144,1.784167
2024-06-06 14:00:00,70.5,65.31,5.15,7.309112,1.0885
2024-06-06 15:00:00,44.2,40.5,3.71,8.391767,0.675
2024-06-06 16:00:00,17.5,17.71,0.23,1.315789,0.295167
2024-06-06 17:00:00,2.9,4.19,1.32,45.993031,0.069833
2024-06-06 18:00:00,0.0,4.55,4.55,0.0,0.075833
2024-06-06 19:00:00,0.0,1.74,1.74,0.0,0.029
2024-06-06 20:00:00,0.0,2.23,2.23,0.0,0.037167
2024-06-06 21:00:00,0.0,5.69,5.69,0.0,0.094833
2024-06-06 22:00:00,2.2,3.05,0.84,38.00905,0.050833
2024-06-06 23:00:00,1.1,2.23,1.11,99.107143,0.037167
2024-06-07 00:00:00,0.0,1.24,1.24,0.0,0.020667
2024-06-07 01:00:00,0.5,3.76,3.26,652.0,0.062667
2024-06-07 02:00:00,15.2,17.21,2.06,13.59736,0.286833
2024-06-07 03:00:00,23.0,17.57,5.48,23.774403,0.292833
2024-06-07 04:00:00,10.3,7.23,3.1,30.009681,0.1205
2024-06-07 05:00:00,0.0,8.68,8.68,0.0,0.144667
2024-06-07 06:00:00,82.5,97.23,14.74,17.868833,1.6205
2024-06-07 07:00:00,56.7,51.0,5.74,10.11632,0.85
2024-06-07 08:00:00,76.1,73.88,2.21,2.904455,1.231333
2024-06-07 09:00:00,106.6,96.04,10.6,9.939985,1.600667
2024-06-07 10:00:00,135.9,129.69,6.17,4.54144,2.1615
2024-06-07 11:00:00,124.1,127.61,3.54,2.853228,2.126833
2024-06-07 12:00:00,96.4,98.57,2.2,2.282868,1.642833
2024-06-07 13:00:00,90.2,96.0,5.83,6.465565,1.6
2024-06-07 14:00:00,95.1,92.28,2.84,2.985702,1.538
2024-06-07 15:00:00,55.5,46.5,8.99,16.201117,0.775
2024-06-07 16:00:00,25.2,26.67,1.46,5.791353,0.4445
2024-06-07 17:00:00,4.1,13.74,9.63,234.306569,0.229
2024-06-07 18:00:00,5.2,5.96,0.81,15.728155,0.099333
2024-06-07 19:00:00,0.0,2.58,2.58,0.0,0.043
2024-06-07 20:00:00,0.0,4.43,4.43,0.0,0.073833
2024-06-07 21:00:00,1.3,4.35,3.06,237.209302,0.0725
2024-06-07 22:00:00,6.5,5.19,1.27,19.659443,0.0865
2024-06-07 23:00:00,1.4,2.79,1.37,96.478873,0.0465
2024-06-08 00:00:00,0.0,1.83,1.83,0.0,0.0305
2024-06-08 01:00:00,0.0,2.62,2.6,13000.0,0.043667
2024-06-08 02:00:00,0.0,1.66,1.66,0.0,0.027667
2024-06-08 03:00:00,4.0,1.28,2.73,68.0798,0.021333
2024-06-08 04:00:00,3.0,9.84,6.88,232.432432,0.164
2024-06-08 05:00:00,0.0,8.27,8.27,0.0,0.137833
2024-06-08 06:00:00,19.3,22.33,3.01,15.57971,0.372167
2024-06-08 07:00:00,47.9,47.17,0.77,1.606174,0.786167
2024-06-08 08:00:00,81.4,76.63,4.76,5.848384,1.277167
2024-06-08 09:00:00,107.7,114.42,6.72,6.239554,1.907
2024-06-08 10:00:00,145.9,135.99,9.95,6.81787,2.2665
2024-06-08 11:00:00,132.7,135.84,3.12,2.350814,2.264
2024-06-08 12:00:00,136.4,142.84,6.43,4.713731,2.380667
2024-06-08 13:00:00,119.8,118.91,0.9,0.751189,1.981833
2024-06-08 14:00:00,77.6,77.97,0.34,0.437975,1.2995
2024-06-08 15:00:00,15.0,27.19,12.21,81.508678,0.453167
2024-06-08 16:00:00,24.7,24.94,0.22,0.889968,0.415667
2024-06-08 17:00:00,0.0,4.03,4.03,0.0,0.067167
2024-06-08 18:00:00,0.0,2.68,2.68,0.0,0.044667
2024-06-08 19:00:00,3.1,3.11,0.01,0.322581,0.051833
2024-06-08 20:00:00,0.5,5.9,5.41,1104.081633,0.098333
2024-06-08 21:00:00,0.0,3.74,3.74,0.0,0.062333
2024-06-08 22:00:00,0.0,2.29,2.29,0.0,0.038167
2024-06-08 23:00:00,0.0,3.41,3.41,0.0,0.056833
2024-06-09 00:00:00,2.3,2.4,0.12,5.263158,0.04
2024-06-09 01:00:00,7.3,10.97,3.68,50.48011,0.182833
2024-06-09 02:00:00,35.2,43.19,8.01,22.768619,0.719833
2024-06-09 03:00:00,49.3,50.43,1.15,2.333604,0.8405
2024-06-09 04:00:00,5.8,12.67,6.88,118.825561,0.211167
2024-06-09 05:00:00,7.6,14.05,6.49,85.846561,0.234167
2024-06-09 06:00:00,23.0,27.53,4.49,19.487847,0.458833
2024-06-09 07:00:00,112.7,103.88,8.86,7.85879,1.731333
2024-06-09 08:00:00,48.4,58.18,9.78,20.206612,0.969667
2024-06-09 09:00:00,94.9,95.28,0.37,0.389843,1.588
2024-06-09 10:00:00,89.1,91.15,2.06,2.312268,1.519167
2024-06-09 11:00:00,82.8,94.88,12.09,14.603213,1.581333
2024-06-09 12:00:00,137.0,142.03,5.05,3.68667,2.367167
2024-06-09 13:00:00,113.4,102.15,11.29,9.952398,1.7025
2024-06-09 14:00:00,83.5,81.46,2.08,2.489825,1.357667
2024-06-09 15:00:00,60.0,53.1,6.9,11.5,0.885
2024-06-09 16:00:00,23.9,21.56,2.31,9.677419,0.359333
2024-06-09 17:00:00,0.0,6.01,6.01,0.0,0.100167
2024-06-09 18:00:00,0.7,2.43,1.77,268.181818,0.0405
2024-06-09 19:00:00,4.0,2.03,2.0,49.627792,0.033833
2024-06-09 20:00:00,0.0,2.47,2.47,0.0,0.041167
2024-06-09 21:00:00,0.0,2.22,2.22,0.0,0.037
2024-06-09 22:00:00,0.0,2.73,2.73,0.0,0.0455
2024-06-09 23:00:00,0.0,3.64,3.64,0.0,0.060667
2024-06-10 00:00:00,0.0,1.79,1.79,0.0,0.029833
2024-06-10 01:00:00,3.4,1.07,2.28,68.059701,0.017833
2024-06-10 02:00:00,190.4,172.52,17.87,9.385997,2.875333
2024-06-10 03:00:00,1.9,7.41,5.47,281.958763,0.1235
2024-06-10 04:00:00,3.4,15.66,12.22,355.232558,0.261
2024-06-10 05:00:00,2.4,11.57,9.18,384.100418,0.192833
2024-06-10 06:00:00,16.2,21.58,5.38,33.209877,0.359667
2024-06-10 07:00:00,56.0,55.46,0.49,0.875782,0.924333
2024-06-10 08:00:00,77.8,72.14,5.62,7.227366,1.202333
2024-06-10 09:00:00,109.8,101.34,8.48,7.721726,1.689
2024-06-10 10:00:00,135.4,130.7,4.7,3.471196,2.178333
2024-06-10 11:00:00,101.8,117.32,15.53,15.256901,1.955333
2024-06-10 12:00:00,87.7,98.16,10.45,11.914263,1.636
2024-06-10 13:00:00,102.2,105.8,3.64,3.563038,1.763333
2024-06-10 14:00:00,72.5,66.42,6.07,8.373569,1.107
2024-06-10 15:00:00,58.0,54.08,3.96,6.822881,0.901333
2024-06-10 16:00:00,20.8,23.76,2.92,14.011516,0.396
2024-06-10 17:00:00,1.9,5.43,3.49,179.896907,0.0905
2024-06-10 18:00:00,4.7,2.29,2.41,51.276596,0.038167
2024-06-10 19:00:00,2.7,2.44,0.3,10.948905,0.040667
2024-06-10 20:00:00,0.0,4.47,4.47,0.0,0.0745
2024-06-10 21:00:00,0.0,3.98,3.98,0.0,0.066333
2024-06-10 22:00:00,1.4,4.95,3.52,246.153846,0.0825
2024-06-10 23:00:00,0.0,3.47,3.47,0.0,0.057833
2024-06-11 00:00:00,0.5,3.15,2.61,483.333333,0.0525
2024-06-11 01:00:00,0.0,4.36,4.36,0.0,0.072667
2024-06-11 02:00:00,2.0,2.53,0.58,29.74359,0.042167
2024-06-11 03:00:00,200.4,215.86,15.42,7.693075,3.597667
2024-06-11 04:00:00,5.5,5.94,0.46,8.394161,0.099
2024-06-11 05:00:00,0.0,14.69,14.69,0.0,0.244833
2024-06-11 06:00:00,18.3,21.07,2.79,15.262582,0.351167
2024-06-11 07:00:00,30.5,36.85,6.31,20.661428,0.614167
2024-06-11 08:00:00,76.8,82.93,6.12,7.967713,1.382167
2024-06-11 09:00:00,116.6,119.15,2.5,2.143163,1.985833
2024-06-11 10:00:00,96.5,99.34,2.84,2.943005,1.655667
2024-06-11 11:00:00,107.2,112.13,4.89,4.559866,1.868833
2024-06-11 12:00:00,128.6,130.54,1.89,1.469102,2.175667
2024-06-11 13:00:00,69.8,76.74,6.89,9.863994,1.279
2024-06-11 14:00:00,90.3,96.86,6.55,7.252796,1.614333
2024-06-11 15:00:00,63.0,63.48,0.51,0.809909,1.058
2024-06-11 16:00:00,15.3,27.77,12.43,81.029987,0.462833
2024-06-11 17:00:00,1.1,4.55,3.48,325.233645,0.075833
2024-06-11 18:00:00,0.6,6.42,5.78,903.125,0.107
2024-06-11 19:00:00,1.0,2.43,1.39,133.653846,0.0405
2024-06-11 20:00:00,0.8,6.63,5.88,784.0,0.1105
2024-06-11 21:00:00,0.0,3.31,3.31,0.0,0.055167
2024-06-11 22:00:00,3.2,5.01,1.79,55.590062,0.0835
2024-06-11 23:00:00,21.2,27.52,6.36,30.056711,0.458667
2024-06-12 00:00:00,4.5,5.01,0.51,11.333333,0.0835
2024-06-12 01:00:00,0.0,3.15,3.15,0.0,0.0525
2024-06-12 02:00:00,0.0,5.44,5.44,0.0,0.090667
2024-06-12 03:00:00,15.4,0.8,14.62,94.811933,0.013333
2024-06-12 04:00:00,10.4,10.95,0.54,5.18732,0.1825
2024-06-12 05:00:00,0.8,10.59,9.77,1191.463415,0.1765
2024-06-12 06:00:00,12.8,22.19,9.35,72.819315,0.369833
2024-06-12 07:00:00,56.5,52.67,3.79,6.712717,0.877833
2024-06-12 08:00:00,52.8,65.16,12.39,23.47925,1.086
2024-06-12 09:00:00,96.8,102.88,6.11,6.31394,1.714667
2024-06-12 10:00:00,139.8,136.47,3.29,2.354035,2.2745
2024-06-12 11:00:00,137.4,131.79,5.59,4.069006,2.1965
2024-06-12 12:00:00,134.2,134.95,0.77,0.573856,2.249167
2024-06-12 13:00:00,114.7,114.43,0.23,0.200593,1.907167
2024-06-12 14:00:00,88.9,94.02,5.09,5.723603,1.567
2024-06-12 15:00:00,60.1,57.94,2.15,3.577966,0.965667
2024-06-12 16:00:00,21.4,19.52,1.91,8.912739,0.325333
2024-06-12 17:00:00,0.0,5.61,5.61,0.0,0.0935
2024-06-12 18:00:00,0.0,5.81,5.81,0.0,0.096833
2024-06-12 19:00:00,1.5,5.33,3.86,262.585034,0.088833
2024-06-12 20:00:00,0.1,3.79,3.73,6216.666667,0.063167
2024-06-12 21:00:00,28.0,19.8,8.2,29.285714,0.33
2024-06-12 22:00:00,1.2,2.33,1.1,89.430894,0.038833
2024-06-12 23:00:00,4.9,10.74,5.84,119.183673,0.179
2024-06-13 00:00:00,9.8,19.66,9.91,101.641026,0.327667
2024-06-13 01:00:00,0.0,6.0,6.0,0.0,0.1
2024-06-13 02:00:00,8.7,6.91,1.79,20.574713,0.115167
2024-06-13 03:00:00,0.0,5.57,5.57,0.0,0.092833
2024-06-13 04:00:00,16.6,15.19,1.36,8.217523,0.253167
2024-06-13 05:00:00,3.7,11.09,7.41,201.358696,0.184833
2024-06-13 06:00:00,54.1,41.97,12.12,22.407099,0.6995
2024-06-13 07:00:00,50.8,44.15,6.64,13.07344,0.735833
2024-06-13 08:00:00,79.0,83.05,4.08,5.166519,1.384167
2024-06-13 09:00:00,115.1,119.66,4.53,3.934683,1.994333
2024-06-13 10:00:00,146.2,148.43,2.21,1.511421,2.473833
2024-06-13 11:00:00,117.4,118.75,1.32,1.124074,1.979167
2024-06-13 12:00:00,133.9,132.72,1.22,0.910856,2.212
2024-06-13 13:00:00,79.6,82.1,2.51,3.153663,1.368333
2024-06-13 14:00:00,69.4,73.98,4.53,6.522678,1.233
2024-06-13 15:00:00,33.7,31.24,2.45,7.272188,0.520667
2024-06-13 16:00:00,18.8,26.13,7.28,38.62069,0.4355
2024-06-13 17:00:00,2.3,8.15,5.87,257.45614,0.135833
2024-06-13 18:00:00,1.3,8.74,7.45,577.51938,0.145667
2024-06-13 19:00:00,0.4,2.21,1.86,531.428571,0.036833
2024-06-13 20:00:00,0.0,3.11,3.11,0.0,0.051833
2024-06-13 21:00:00,0.0,2.14,2.14,0.0,0.035667
2024-06-13 22:00:00,1.4,3.66,2.21,152.413793,0.061
2024-06-13 23:00:00,10.8,9.74,1.1,10.147601,0.162333
2024-06-14 00:00:00,0.3,2.2,1.94,746.153846,0.036667
2024-06-14 01:00:00,0.0,7.48,7.48,0.0,0.124667
2024-06-14 02:00:00,0.1,1.22,1.13,1255.555556,0.020333
2024-06-14 03:00:00,2.6,5.4,2.77,105.323194,0.09
2024-06-14 04:00:00,15.1,15.28,0.18,1.192053,0.254667
2024-06-14 05:00:00,17.0,26.7,9.74,57.429245,0.445
2024-06-14 06:00:00,27.7,38.03,10.33,37.292419,0.633833
2024-06-14 07:00:00,42.4,37.04,5.31,12.538371,0.617333
2024-06-14 08:00:00,59.9,74.12,14.23,23.760227,1.235333
2024-06-14 09:00:00,105.2,110.35,5.2,4.945316,1.839167
2024-06-14 10:00:00,113.2,111.82,1.34,1.184164,1.863667
2024-06-14 11:00:00,128.6,126.23,2.34,1.82002,2.103833
2024-06-14 12:00:00,115.6,120.75,5.18,4.482132,2.0125
2024-06-14 13:00:00,118.6,118.66,0.02,0.016858,1.977667
2024-06-14 14:00:00,60.1,73.15,13.03,21.67332,1.219167
2024-06-14 15:00:00,29.3,36.54,7.21,24.582339,0.609
2024-06-14 16:00:00,18.6,20.85,2.29,12.338362,0.3475
2024-06-14 17:00:00,0.0,9.21,9.21,0.0,0.1535
2024-06-14 18:00:00,0.0,3.37,3.37,0.0,0.056167
2024-06-14 19:00:00,1.6,3.46,1.82,110.97561,0.057667
2024-06-14 20:00:00,0.0,3.69,3.69,0.0,0.0615
2024-06-14 21:00:00,3.1,4.76,1.65,53.054662,0.079333
2024-06-14 22:00:00,0.0,8.01,8.01,0.0,0.1335
2024-06-14 23:00:00,4.7,2.94,1.72,36.909871,0.049
2024-06-15 00:00:00,3.4,2.85,0.6,17.391304,0.0475
2024-06-15 01:00:00,0.3,1.51,1.23,439.285714,0.025167
2024-06-15 02:00:00,6.2,25.48,19.26,309.646302,0.424667
2024-06-15 03:00:00,0.0,2.17,2.17,0.0,0.036167
2024-06-15 04:00:00,9.6,18.77,9.21,96.338912,0.312833
2024-06-15 05:00:00,0.0,5.86,5.86,0.0,0.097667
2024-06-15 06:00:00,85.8,59.65,26.2,30.518346,0.994167
2024-06-15 07:00:00,106.9,80.94,25.97,24.29146,1.349
2024-06-15 08:00:00,79.2,75.04,4.12,5.204649,1.250667
2024-06-15 09:00:00,80.4,90.47,10.07,12.524876,1.507833
2024-06-15 10:00:00,104.7,102.99,1.7,1.623842,1.7165
2024-06-15 11:00:00,162.1,151.24,10.9,6.722585,2.520667
2024-06-15 12:00:00,120.2,111.07,9.15,7.611046,1.851167
2024-06-15 13:00:00,108.5,111.11,2.6,2.396093,1.851833
2024-06-15 14:00:00,81.2,89.05,7.83,9.640483,1.484167
2024-06-15 15:00:00,58.1,55.8,2.31,3.975219,0.93
2024-06-15 16:00:00,22.4,19.75,2.67,11.90901,0.329167
2024-06-15 17:00:00,1.8,4.94,3.18,180.681818,0.082333
2024-06-15 18:00:00,0.5,3.22,2.69,507.54717,0.053667
2024-06-15 19:00:00,0.4,4.63,4.18,928.888889,0.077167
2024-06-15 20:00:00,0.1,4.25,4.13,3441.666667,0.070833
2024-06-15 21:00:00,0.0,5.7,5.7,0.0,0.095
2024-06-15 22:00:00,0.0,3.73,3.73,0.0,0.062167
2024-06-15 23:00:00,5.0,7.07,2.11,42.540323,0.117833
2024-06-16 00:00:00,0.5,2.13,1.65,343.75,0.0355
2024-06-16 01:00:00,4.1,5.07,0.93,22.463768,0.0845
2024-06-16 02:00:00,1.2,4.71,3.52,295.798319,0.0785
2024-06-16 03:00:00,0.0,3.77,3.77,0.0,0.062833
2024-06-16 04:00:00,11.4,15.27,3.89,34.182777,0.2545
2024-06-16 05:00:00,3.7,13.45,9.76,264.498645,0.224167
2024-06-16 06:00:00,28.3,29.56,1.23,4.341687,0.492667
2024-06-16 07:00:00,57.4,60.93,3.56,6.205334,1.0155
2024-06-16 08:00:00,60.4,64.46,4.11,6.810273,1.074333
2024-06-16 09:00:00,120.2,120.65,0.5,0.416146,2.010833
2024-06-16 10:00:00,122.0,122.51,0.54,0.442732,2.041833
2024-06-16 11:00:00,108.2,112.33,4.12,3.807412,1.872167
2024-06-16 12:00:00,89.6,106.2,16.63,18.566484,1.77
2024-06-16 13:00:00,110.9,100.44,10.47,9.440087,1.674
2024-06-16 14:00:00,73.6,66.12,7.48,10.163043,1.102
2024-06-16 15:00:00,58.7,58.23,0.48,0.817578,0.9705
2024-06-16 16:00:00,19.5,18.71,0.79,4.051282,0.311833
2024-06-16 17:00:00,0.0,5.45,5.45,0.0,0.090833
2024-06-16 18:00:00,0.0,2.96,2.96,0.0,0.049333
2024-06-16 19:00:00,1.8,3.3,1.54,87.5,0.055
2024-06-16 20:00:00,0.0,4.15,4.15,0.0,0.069167
2024-06-16 21:00:00,0.0,3.3,3.3,0.0,0.055
2024-06-16 22:00:00,0.0,4.01,4.01,0.0,0.066833
2024-06-16 23:00:00,1.3,6.39,5.11,399.21875,0.1065
2024-06-17 00:00:00,5.7,9.23,3.57,63.074205,0.153833
2024-06-17 01:00:00,30.1,37.22,7.09,23.531364,0.620333
2024-06-17 02:00:00,1.5,1.41,0.13,8.441558,0.0235
2024-06-17 03:00:00,3.4,5.53,2.09,60.755814,0.092167
2024-06-17 04:00:00,28.2,42.43,14.27,50.674716,0.707167
2024-06-17 05:00:00,13.8,10.73,3.1,22.41504,0.178833
2024-06-17 06:00:00,56.6,81.93,25.37,44.855021,1.3655
2024-06-17 07:00:00,42.4,42.94,0.56,1.321378,0.715667
2024-06-17 08:00:00,80.0,85.91,5.89,7.36066,1.431833
2024-06-17 09:00:00,98.0,105.41,7.38,7.528308,1.756833
2024-06-17 10:00:00,137.3,130.02,7.32,5.329838,2.167
2024-06-17 11:00:00,92.6,103.9,11.3,12.203024,1.731667
2024-06-17 12:00:00,122.4,129.53,7.17,5.859758,2.158833
2024-06-17 13:00:00,90.8,88.67,2.12,2.335059,1.477833
2024-06-17 14:00:00,79.5,83.86,4.34,5.457746,1.397667
2024-06-17 15:00:00,45.8,59.61,13.85,30.266608,0.9935
2024-06-17 16:00:00,17.8,21.1,3.29,18.472768,0.351667
2024-06-17 17:00:00,0.0,6.11,6.11,0.0,0.101833
2024-06-17 18:00:00,1.2,4.49,3.24,259.2,0.074833
2024-06-17 19:00:00,0.0,4.74,4.73,47300.0,0.079
2024-06-17 20:00:00,18.5,19.93,1.44,7.787994,0.332167
2024-06-17 21:00:00,7.8,9.95,2.1,26.751592,0.165833
2024-06-17 22:00:00,3.4,4.53,1.16,34.421365,0.0755
2024-06-17 23:00:00,3.2,4.89,1.71,53.773585,0.0815
2024-06-18 00:00:00,0.2,3.53,3.31,1504.545455,0.058833
2024-06-18 01:00:00,0.0,1.83,1.83,0.0,0.0305
2024-06-18 02:00:00,0.0,5.44,5.44,0.0,0.090667
2024-06-18 03:00:00,1.8,3.05,1.29,73.295455,0.050833
2024-06-18 04:00:00,28.8,17.58,11.18,38.873435,0.293
2024-06-18 05:00:00,16.0,18.57,2.52,15.700935,0.3095
2024-06-18 06:00:00,130.3,88.25,42.01,32.250883,1.470833
2024-06-18 07:00:00,56.7,54.85,1.81,3.194493,0.914167
2024-06-18 08:00:00,88.4,88.28,0.1,0.113148,1.471333
2024-06-18 09:00:00,102.2,102.22,0.01,0.009784,1.703667
2024-06-18 10:00:00,299.0,233.42,65.63,21.946163,3.890333
2024-06-18 11:00:00,125.5,114.84,10.7,8.52318,1.914
2024-06-18 12:00:00,119.3,120.7,1.41,1.181993,2.011667
2024-06-18 13:00:00,105.6,118.34,12.78,12.106859,1.972333
2024-06-18 14:00:00,82.2,85.73,3.58,4.357882,1.428833
2024-06-18 15:00:00,41.2,41.31,0.13,0.315687,0.6885
2024-06-18 16:00:00,23.8,18.73,5.03,21.170034,0.312167
2024-06-18 17:00:00,4.4,12.6,8.24,188.990826,0.21
2024-06-18 18:00:00,0.3,5.38,5.12,1969.230769,0.089667
2024-06-18 19:00:00,0.0,3.5,3.5,0.0,0.058333
2024-06-18 20:00:00,1.3,2.81,1.49,112.878788,0.046833
2024-06-18 21:00:00,0.0,3.85,3.85,0.0,0.064167
2024-06-18 22:00:00,4.0,3.6,0.41,10.224439,0.06
2024-06-18 23:00:00,0.0,2.99,2.99,0.0,0.049833
2024-06-19 00:00:00,0.0,2.95,2.95,0.0,0.049167
2024-06-19 01:00:00,0.6,4.09,3.53,630.357143,0.068167
2024-06-19 02:00:00,4.5,6.11,1.63,36.383929,0.101833
2024-06-19 03:00:00,0.0,8.14,8.14,0.0,0.135667
2024-06-19 04:00:00,3.8,11.3,7.51,198.153034,0.188333
2024-06-19 05:00:00,2.8,8.41,5.6,199.288256,0.140167
2024-06-19 06:00:00,22.0,28.15,6.2,28.246014,0.469167
2024-06-19 07:00:00,60.6,55.95,4.64,7.658029,0.9325
2024-06-19 08:00:00,76.7,85.29,8.61,11.228482,1.4215
2024-06-19 09:00:00,86.4,91.02,4.64,5.371614,1.517
2024-06-19 10:00:00,142.2,130.83,11.4,8.015187,2.1805
2024-06-19 11:00:00,106.9,112.82,5.96,5.577391,1.880333
2024-06-19 12:00:00,71.2,79.3,8.15,11.454673,1.321667
2024-06-19 13:00:00,108.9,111.56,2.67,2.452016,1.859333
2024-06-19 14:00:00,64.8,66.81,1.97,3.038248,1.1135
2024-06-19 15:00:00,60.4,58.71,1.65,2.733598,0.9785
2024-06-19 16:00:00,21.2,22.41,1.18,5.558172,0.3735
2024-06-19 17:00:00,0.0,7.94,7.94,0.0,0.132333
2024-06-19 18:00:00,0.8,3.85,3.0,352.941176,0.064167
2024-06-19 19:00:00,0.0,2.51,2.51,0.0,0.041833
2024-06-19 20:00:00,2.5,4.87,2.38,95.582329,0.081167
2024-06-19 21:00:00,2.3,4.42,2.08,88.888889,0.073667
2024-06-19 22:00:00,1.1,4.43,3.29,288.596491,0.073833
2024-06-19 23:00:00,4.4,12.66,8.29,189.702517,0.211
2024-06-20 00:00:00,1.8,3.06,1.3,73.863636,0.051
2024-06-20 01:00:00,0.1,2.6,2.48,2066.666667,0.043333
2024-06-20 02:00:00,8.5,12.3,3.84,45.390071,0.205
2024-06-20 03:00:00,5.7,7.99,2.32,40.917108,0.133167
2024-06-20 04:00:00,9.1,11.69,2.57,28.179825,0.194833
2024-06-20 05:00:00,0.4,7.5,7.1,1775.0,0.125
2024-06-20 06:00:00,23.8,44.08,20.24,84.899329,0.734667
2024-06-20 07:00:00,142.8,95.4,47.43,33.207309,1.59
2024-06-20 08:00:00,73.5,83.95,10.43,14.186616,1.399167
2024-06-20 09:00:00,115.8,114.53,1.26,1.088177,1.908833
2024-06-20 10:00:00,91.2,100.88,9.72,10.662571,1.681333
2024-06-20 11:00:00,139.1,142.65,3.52,2.530008,2.3775
2024-06-20 12:00:00,134.7,127.61,7.13,5.291673,2.126833
2024-06-20 13:00:00,110.0,103.16,6.85,6.226707,1.719333
2024-06-20 14:00:00,67.4,70.53,3.14,4.659445,1.1755
2024-06-20 15:00:00,54.7,48.35,6.33,11.576445,0.805833
2024-06-20 16:00:00,16.2,17.77,1.56,9.623689,0.296167
2024-06-20 17:00:00,0.0,5.1,5.1,0.0,0.085
2024-06-20 18:00:00,2.9,4.06,1.18,40.972222,0.067667
2024-06-20 19:00:00,0.0,3.86,3.86,0.0,0.064333
2024-06-20 20:00:00,2.1,4.75,2.63,124.056604,0.079167
2024-06-20 21:00:00,0.0,2.79,2.79,0.0,0.0465
2024-06-20 22:00:00,0.0,2.34,2.34,0.0,0.039
2024-06-20 23:00:00,8.4,12.25,3.89,46.5311,0.204167
2024-06-21 00:00:00,6.2,10.07,3.86,62.15781,0.167833
2024-06-21 01:00:00,0.0,4.58,4.58,0.0,0.076333
2024-06-21 02:00:00,2.7,1.61,1.12,41.025641,0.026833
2024-06-21 03:00:00,46.1,50.98,4.91,10.657695,0.849667
2024-06-21 04:00:00,8.7,25.8,17.13,197.577855,0.43
2024-06-21 05:00:00,35.2,37.3,2.12,6.026151,0.621667
2024-06-21 06:00:00,19.4,23.76,4.4,22.727273,0.396
2024-06-21 07:00:00,43.2,44.78,1.63,3.77752,0.746333
2024-06-21 08:00:00,78.2,77.05,1.1,1.40755,1.284167
2024-06-21 09:00:00,135.1,133.4,1.7,1.258327,2.223333
2024-06-21 10:00:00,97.9,104.82,6.91,7.057502,1.747
2024-06-21 11:00:00,106.8,113.0,6.18,5.785433,1.883333
2024-06-21 12:00:00,127.0,131.53,4.5,3.54247,2.192167
2024-06-21 13:00:00,102.8,115.65,12.83,12.478117,1.9275
2024-06-21 14:00:00,86.3,98.83,12.51,14.492586,1.647167
2024-06-21 15:00:00,76.5,75.56,0.9,1.177086,1.259333
2024-06-21 16:00:00,26.2,23.03,3.19,12.166285,0.383833
2024-06-21 17:00:00,1.1,8.75,7.61,667.54386,0.145833
2024-06-21 18:00:00,1.8,6.14,4.29,231.891892,0.102333
2024-06-21 19:00:00,0.2,4.59,4.39,2195.0,0.0765
2024-06-21 20:00:00,0.0,3.65,3.65,0.0,0.060833
2024-06-21 21:00:00,1.8,7.53,5.69,309.23913,0.1255
2024-06-21 22:00:00,7.6,7.2,0.36,4.761905,0.12
2024-06-21 23:00:00,0.0,3.62,3.62,0.0,0.060333
2024-06-22 00:00:00,0.0,4.99,4.99,0.0,0.083167
2024-06-22 01:00:00,26.6,29.25,2.69,10.128012,0.4875
2024-06-22 02:00:00,4.9,5.9,1.02,20.901639,0.098333
2024-06-22 03:00:00,1.0,2.34,1.33,131.683168,0.039
2024-06-22 04:00:00,5.2,7.3,2.12,40.926641,0.121667
2024-06-22 05:00:00,5.4,8.55,3.11,57.169118,0.1425
2024-06-22 06:00:00,27.6,29.37,1.72,6.220615,0.4895
2024-06-22 07:00:00,57.5,62.36,4.88,8.48991,1.039333
2024-06-22 08:00:00,71.6,73.89,2.24,3.126308,1.2315
2024-06-22 09:00:00,198.5,160.38,38.09,19.191817,2.673
2024-06-22 10:00:00,83.8,86.98,3.14,3.745229,1.449667
2024-06-22 11:00:00,130.6,128.14,2.42,1.853554,2.135667
2024-06-22 12:00:00,150.0,149.45,0.51,0.340091,2.490833
2024-06-22 13:00:00,114.6,120.77,6.13,5.347174,2.012833
2024-06-22 14:00:00,84.8,86.33,1.52,1.792241,1.438833
2024-06-22 15:00:00,48.9,57.21,8.29,16.946034,0.9535
2024-06-22 16:00:00,23.2,27.76,4.53,19.500646,0.462667
2024-06-22 17:00:00,0.0,6.4,6.4,0.0,0.106667
2024-06-22 18:00:00,1.1,4.53,3.42,308.108108,0.0755
2024-06-22 19:00:00,0.0,4.19,4.19,0.0,0.069833
2024-06-22 20:00:00,1.3,2.65,1.37,107.03125,0.044167
2024-06-22 21:00:00,0.0,4.74,4.74,0.0,0.079
2024-06-22 22:00:00,0.0,3.83,3.83,0.0,0.063833
2024-06-22 23:00:00,2.1,5.01,2.87,134.11215,0.0835
2024-06-23 00:00:00,23.2,22.31,0.94,4.043011,0.371833
2024-06-23 01:00:00,13.0,23.45,10.43,80.107527,0.390833
2024-06-23 02:00:00,0.0,5.54,5.54,0.0,0.092333
2024-06-23 03:00:00,23.6,31.57,7.99,33.884648,0.526167
2024-06-23 04:00:00,10.3,13.86,3.52,34.042553,0.231
2024-06-23 05:00:00,12.5,18.57,6.03,48.086124,0.3095
2024-06-23 06:00:00,50.3,33.91,16.35,32.53084,0.565167
2024-06-23 07:00:00,62.9,56.85,6.06,9.632809,0.9475
2024-06-23 08:00:00,81.5,82.5,0.97,1.189746,1.375
2024-06-23 09:00:00,123.3,122.12,1.15,0.932911,2.035333
2024-06-23 10:00:00,121.2,129.9,8.72,7.195907,2.165
2024-06-23 11:00:00,110.6,112.91,2.36,2.134781,1.881833
2024-06-23 12:00:00,134.4,135.33,0.98,0.729438,2.2555
2024-06-23 13:00:00,96.0,98.95,2.93,3.051448,1.649167
2024-06-23 14:00:00,93.1,92.1,1.03,1.105981,1.535
2024-06-23 15:00:00,46.9,47.54,0.67,1.429486,0.792333
2024-06-23 16:00:00,23.1,27.61,4.47,19.3172,0.460167
2024-06-23 17:00:00,1.8,6.41,4.65,264.204545,0.106833
2024-06-23 18:00:00,0.0,3.32,3.32,0.0,0.055333
2024-06-23 19:00:00,0.5,2.84,2.34,468.0,0.047333
2024-06-23 20:00:00,0.0,5.56,5.56,0.0,0.092667
2024-06-23 21:00:00,0.0,3.32,3.32,0.0,0.055333
2024-06-23 22:00:00,1.9,4.95,3.03,157.8125,0.0825
2024-06-23 23:00:00,1.8,3.43,1.61,88.461538,0.057167
2024-06-24 00:00:00,41.3,42.35,1.06,2.567208,0.705833
2024-06-24 01:00:00,36.6,17.62,19.02,51.91048,0.293667
2024-06-24 02:00:00,21.1,18.12,2.97,14.082504,0.302
2024-06-24 03:00:00,45.7,48.26,2.57,5.624863,0.804333
2024-06-24 04:00:00,2.3,10.62,8.33,363.755459,0.177
2024-06-24 05:00:00,6.9,21.22,14.33,207.982583,0.353667
2024-06-24 06:00:00,43.4,41.4,2.04,4.696133,0.69
2024-06-24 07:00:00,64.3,51.2,13.1,20.37325,0.853333
2024-06-24 08:00:00,92.2,85.95,6.22,6.7484,1.4325
2024-06-24 09:00:00,66.2,67.65,1.48,2.236663,1.1275
2024-06-24 10:00:00,252.3,194.15,58.12,23.038808,3.235833
2024-06-24 11:00:00,117.3,115.72,1.54,1.313321,1.928667
2024-06-24 12:00:00,107.1,116.84,9.7,9.053575,1.947333
2024-06-24 13:00:00,70.1,69.31,0.79,1.126961,1.155167
2024-06-24 14:00:00,83.8,85.54,1.79,2.137313,1.425667
2024-06-24 15:00:00,48.3,46.74,1.59,3.289882,0.779
2024-06-24 16:00:00,23.0,30.13,7.16,31.171093,0.502167
2024-06-24 17:00:00,0.2,7.53,7.31,3322.727273,0.1255
2024-06-24 18:00:00,1.1,4.21,3.07,269.298246,0.070167
2024-06-24 19:00:00,2.1,3.77,1.65,77.830189,0.062833
2024-06-24 20:00:00,0.6,3.19,2.6,440.677966,0.053167
2024-06-24 21:00:00,35.0,27.44,7.61,21.71184,0.457333
2024-06-24 22:00:00,0.0,3.04,3.04,0.0,0.050667
2024-06-24 23:00:00,0.0,4.81,4.81,0.0,0.080167
2024-06-25 00:00:00,0.3,4.24,3.9,1147.058824,0.070667
2024-06-25 01:00:00,3.4,8.03,4.59,133.430233,0.133833
2024-06-25 02:00:00,0.0,4.66,4.66,0.0,0.077667
2024-06-25 03:00:00,10.7,10.67,0.07,0.651769,0.177833
2024-06-25 04:00:00,62.4,45.3,17.15,27.46197,0.755
2024-06-25 05:00:00,38.0,44.6,6.63,17.461154,0.743333
2024-06-25 06:00:00,19.5,22.06,2.53,12.954429,0.367667
2024-06-25 07:00:00,188.9,173.09,15.77,8.350101,2.884833
2024-06-25 08:00:00,74.0,68.74,5.3,7.158293,1.145667
2024-06-25 09:00:00,118.5,124.36,5.89,4.971723,2.072667
2024-06-25 10:00:00,118.2,117.76,0.39,0.330089,1.962667
2024-06-25 11:00:00,129.8,130.05,0.24,0.184886,2.1675
2024-06-25 12:00:00,140.6,150.84,10.22,7.267814,2.514
2024-06-25 13:00:00,75.2,79.14,3.98,5.29537,1.319
2024-06-25 14:00:00,88.2,97.62,9.42,10.680272,1.627
2024-06-25 15:00:00,26.5,32.72,6.26,23.658352,0.545333
2024-06-25 16:00:00,18.9,15.83,3.06,16.199047,0.263833
2024-06-25 17:00:00,1.9,6.17,4.27,224.736842,0.102833
2024-06-25 18:00:00,0.0,2.71,2.71,0.0,0.045167
2024-06-25 19:00:00,0.0,5.15,5.15,0.0,0.085833
2024-06-25 20:00:00,1.3,5.81,4.52,350.387597,0.096833
2024-06-25 21:00:00,0.0,3.58,3.58,0.0,0.059667
2024-06-25 22:00:00,0.0,3.02,3.02,0.0,0.050333
2024-06-25 23:00:00,0.5,6.21,5.74,1221.276596,0.1035
2024-06-26 00:00:00,0.0,3.02,3.02,0.0,0.050333
2024-06-26 01:00:00,66.5,70.5,3.96,5.951307,1.175
2024-06-26 02:00:00,3.8,8.77,5.02,133.866667,0.146167
2024-06-26 03:00:00,1.4,4.96,3.57,256.834532,0.082667
2024-06-26 04:00:00,60.2,41.31,18.85,31.333112,0.6885
2024-06-26 05:00:00,5.5,17.37,11.91,218.131868,0.2895
2024-06-26 06:00:00,40.8,43.86,3.01,7.368421,0.731
2024-06-26 07:00:00,61.8,69.8,8.04,13.018135,1.163333
2024-06-26 08:00:00,99.2,102.81,3.6,3.628666,1.7135
2024-06-26 09:00:00,91.3,104.72,13.39,14.661119,1.745333
2024-06-26 10:00:00,134.0,135.77,1.79,1.33602,2.262833
2024-06-26 11:00:00,135.2,130.73,4.52,3.341959,2.178833
2024-06-26 12:00:00,99.1,110.19,11.07,11.168281,1.8365
2024-06-26 13:00:00,73.2,83.13,9.97,13.627665,1.3855
2024-06-26 14:00:00,73.4,75.78,2.42,3.2988,1.263
2024-06-26 15:00:00,57.3,50.21,7.12,12.419327,0.836833
2024-06-26 16:00:00,20.0,24.33,4.35,21.771772,0.4055
2024-06-26 17:00:00,1.3,6.99,5.67,429.545455,0.1165
2024-06-26 18:00:00,4.5,3.56,0.92,20.535714,0.059333
2024-06-26 19:00:00,0.0,4.54,4.54,0.0,0.075667
2024-06-26 20:00:00,0.0,2.59,2.59,0.0,0.043167
2024-06-26 21:00:00,0.0,5.43,5.43,0.0,0.0905
2024-06-26 22:00:00,0.1,4.07,4.0,5714.285714,0.067833
2024-06-26 23:00:00,2.0,4.52,2.54,128.282828,0.075333
2024-06-27 00:00:00,0.8,6.6,5.83,757.142857,0.11
2024-06-27 01:00:00,7.4,4.37,3.06,41.184388,0.072833
2024-06-27 02:00:00,41.2,49.5,8.29,20.116477,0.825
2024-06-27 03:00:00,5.5,6.18,0.72,13.186813,0.103
2024-06-27 04:00:00,23.5,23.42,0.08,0.340426,0.390333
2024-06-27 05:00:00,9.2,11.12,1.96,21.39738,0.185333
2024-06-27 06:00:00,76.6,45.88,30.7,40.088796,0.764667
2024-06-27 07:00:00,51.5,57.87,6.34,12.303513,0.9645
2024-06-27 08:00:00,62.0,79.52,17.48,28.175371,1.325333
2024-06-27 09:00:00,103.8,92.23,11.53,11.112182,1.537167
2024-06-27 10:00:00,124.8,135.61,10.8,8.653153,2.260167
2024-06-27 11:00:00,134.4,138.48,4.13,3.07406,2.308
2024-06-27 12:00:00,110.1,111.72,1.61,1.462174,1.862
2024-06-27 13:00:00,112.6,124.28,11.67,10.3632,2.071333
2024-06-27 14:00:00,58.3,62.67,4.4,7.551055,1.0445
2024-06-27 15:00:00,47.0,51.36,4.34,9.230115,0.856
2024-06-27 16:00:00,21.4,27.28,5.89,27.536232,0.454667
2024-06-27 17:00:00,0.0,7.5,7.5,0.0,0.125
2024-06-27 18:00:00,2.7,4.77,2.11,79.323308,0.0795
2024-06-27 19:00:00,0.6,5.04,4.45,754.237288,0.084
2024-06-27 20:00:00,0.0,3.89,3.89,0.0,0.064833
2024-06-27 21:00:00,0.0,2.52,2.47,4940.0,0.042
2024-06-27 22:00:00,0.0,4.88,4.88,0.0,0.081333
2024-06-27 23:00:00,0.0,2.97,2.97,0.0,0.0495
2024-06-28 00:00:00,2.4,5.56,3.21,136.595745,0.092667
2024-06-28 01:00:00,17.4,23.17,5.78,33.237493,0.386167
2024-06-28 02:00:00,13.0,8.07,4.98,38.16092,0.1345
2024-06-28 03:00:00,26.3,20.32,6.02,22.854973,0.338667
2024-06-28 04:00:00,3.2,6.21,3.02,94.670846,0.1035
2024-06-28 05:00:00,47.3,52.19,4.91,10.384941,0.869833
2024-06-28 06:00:00,28.0,28.62,0.67,2.397138,0.477
2024-06-28 07:00:00,51.1,54.81,3.75,7.344301,0.9135
2024-06-28 08:00:00,111.8,103.04,8.72,7.802434,1.717333
2024-06-28 09:00:00,131.2,121.35,9.83,7.49352,2.0225
2024-06-28 10:00:00,135.8,132.83,2.92,2.151013,2.213833
2024-06-28 11:00:00,121.0,130.19,9.18,7.58615,2.169833
2024-06-28 12:00:00,122.4,125.74,3.38,2.762341,2.095667
2024-06-28 13:00:00,107.4,106.98,0.43,0.400335,1.783
2024-06-28 14:00:00,60.4,64.86,4.48,7.419675,1.081
2024-06-28 15:00:00,38.2,35.87,2.31,6.050288,0.597833
2024-06-28 16:00:00,19.8,22.23,2.38,11.989924,0.3705
2024-06-28 17:00:00,0.6,7.91,7.27,1135.9375,0.131833
2024-06-28 18:00:00,0.0,2.84,2.84,0.0,0.047333
2024-06-28 19:00:00,2.3,9.23,6.93,301.304348,0.153833
2024-06-28 20:00:00,0.0,2.39,2.39,0.0,0.039833
2024-06-28 21:00:00,0.0,4.01,4.01,0.0,0.066833
2024-06-28 22:00:00,2.7,4.62,1.95,73.033708,0.077
2024-06-28 23:00:00,0.0,5.2,5.2,0.0,0.086667
2024-06-29 00:00:00,2.0,13.61,11.64,590.862944,0.226833
2024-06-29 01:00:00,2.5,7.15,4.62,182.608696,0.119167
2024-06-29 02:00:00,0.0,4.6,4.6,0.0,0.076667
2024-06-29 03:00:00,29.2,27.82,1.4,4.791239,0.463667
2024-06-29 04:00:00,2.2,6.72,4.48,200.0,0.112
2024-06-29 05:00:00,62.6,55.6,7.01,11.196295,0.926667
2024-06-29 06:00:00,24.6,26.32,1.7,6.904955,0.438667
2024-06-29 07:00:00,71.5,88.02,16.51,23.08768,1.467
2024-06-29 08:00:00,60.0,75.53,15.5,25.820423,1.258833
2024-06-29 09:00:00,99.0,100.91,1.93,1.949889,1.681833
2024-06-29 10:00:00,91.6,100.02,8.4,9.168304,1.667
2024-06-29 11:00:00,146.0,140.58,5.4,3.699137,2.343
2024-06-29 12:00:00,101.7,109.89,8.16,8.021233,1.8315
2024-06-29 13:00:00,76.3,87.3,10.96,14.356825,1.455
2024-06-29 14:00:00,83.8,85.15,1.33,1.586733,1.419167
2024-06-29 15:00:00,54.4,51.76,2.63,4.835448,0.862667
2024-06-29 16:00:00,24.3,20.57,3.75,15.419408,0.342833
2024-06-29 17:00:00,0.0,9.0,9.0,0.0,0.15
2024-06-29 18:00:00,1.0,3.85,2.83,277.45098,0.064167
2024-06-29 19:00:00,3.7,2.54,1.14,30.978261,0.042333
2024-06-29 20:00:00,0.0,3.78,3.78,0.0,0.063
2024-06-29 21:00:00,0.0,3.33,3.33,0.0,0.0555
2024-06-29 22:00:00,1.6,6.55,4.99,319.871795,0.109167
2024-06-29 23:00:00,0.3,3.99,3.66,1109.090909,0.0665
2024-06-30 00:00:00,2.7,5.1,2.42,90.298507,0.085
2024-06-30 01:00:00,37.4,29.51,7.85,21.011777,0.491833
2024-06-30 02:00:00,6.2,11.39,5.24,85.203252,0.189833
2024-06-30 03:00:00,6.4,14.03,7.6,118.195956,0.233833
2024-06-30 04:00:00,0.0,5.14,5.14,0.0,0.085667
2024-06-30 05:00:00,40.8,36.85,3.9,9.570552,0.614167
2024-06-30 06:00:00,17.8,18.2,0.41,2.304666,0.303333
2024-06-30 07:00:00,55.1,57.16,2.04,3.701016,0.952667
2024-06-30 08:00:00,158.5,134.16,24.3,15.3351,2.236
2024-06-30 09:00:00,104.7,98.7,6.02,5.748663,1.645
2024-06-30 10:00:00,125.2,136.35,11.1,8.862275,2.2725
2024-06-30 11:00:00,118.6,123.57,4.99,4.20813,2.0595
2024-06-30 12:00:00,103.5,113.42,9.88,9.542206,1.890333
2024-06-30 13:00:00,116.7,122.81,6.13,5.253685,2.046833
2024-06-30 14:00:00,86.8,90.95,4.2,4.841499,1.515833
2024-06-30 15:00:00,53.7,58.7,4.97,9.249953,0.978333
2024-06-30 16:00:00,17.4,24.78,7.33,42.005731,0.413
2024-06-30 17:00:00,1.3,6.18,4.91,386.614173,0.103
2024-06-30 18:00:00,0.0,5.87,5.87,0.0,0.097833
2024-06-30 19:00:00,0.4,4.55,4.1,911.111111,0.075833
2024-06-30 20:00:00,0.1,2.37,2.23,1592.857143,0.0395
2024-06-30 21:00:00,0.0,6.04,6.04,0.0,0.100667
2024-06-30 22:00:00,1.0,3.35,2.39,248.958333,0.055833
